ID;Text
1;Ein Netzwerk aus fünf konkurrierenden Herstellern schlägt ein föderiertes Lernprojekt vor, das sich auf die Qualitätskontrolle und Fehlererkennung des Endprodukts konzentriert. Das Projekt würde von einem neutralen dritten Federator als Netzwerkverwaltungsorganisation durchgeführt werden. Die Teilnehmer würden Daten beisteuern, die Sie für Ihr Unternehmen als mittelmäßig sensibel einstufen. Basierend auf einer Vorstudie verspricht das Projekt eine mittlere Steigerung der Modellleistung. Die Teilnahme ist mit einer Abonnementgebühr verbunden, die die Teilnehmer für die Nutzung der Plattform entrichten.
2;Ein Netzwerk aus 20 Unternehmen, darunter auch einige Ihrer Wettbewerber, schlägt ein föderiertes Lernprojekt vor, das sich auf die vorausschauende Wartung von Maschinen in der Produktion konzentriert. Das Projekt würde vom Maschinen- oder Softwareanbieter als Netzwerkverwaltungsorganisation durchgeführt werden. Die Teilnehmer würden Daten beisteuern, die Sie als wenig sensibel für Ihr Unternehmen einschätzen. Basierend auf einer Vorstudie verspricht das Projekt eine geringfügige Steigerung der Modellleistung. Die Teilnahme ist mit einer Vergütung verbunden, die von der Menge und Qualität des Beitrags jedes Teilnehmers abhängt.
3;Ein Netzwerk aus 10 konkurrierenden Herstellern schlägt ein föderiertes Lernprojekt vor, das sich auf die Prozessoptimierung über Produktionslinien hinweg konzentriert. Das Projekt würde von einem dezentralen, selbstverwalteten Netzwerk durchgeführt, in dem die Teilnehmer Modellaktualisierungen nur mit ausgewählten Partnern austauschen. Die Teilnehmer würden Daten beisteuern, die Sie als hochsensibel für Ihr Unternehmen einstufen. Basierend auf einer Vorstudie verspricht das Projekt eine mittlere Steigerung der Modellleistung. Die Teilnahme ist mit keiner Zahlung an die Teilnehmer verbunden (vorwettbewerbliche Umgebung).
4;Ein Netzwerk aus fünf Teilnehmern aus verschiedenen Bereichen derselben Lieferkette schlägt ein föderiertes Lernprojekt vor, dessen Schwerpunkt auf einer gemeinsamen Qualitätskontrolle entlang der gesamten Lieferkette liegt. Das Projekt würde von Ihrem OEM als federführender Organisation und Modellaggregator durchgeführt werden. Die Teilnehmer würden Daten beisteuern, die Sie als hochsensibel für Ihr Unternehmen einstufen. Basierend auf einer Vorstudie verspricht das Projekt eine deutliche Steigerung der Modellleistung. Die Teilnahme ist mit einer Vergütung verbunden, die von der Menge und Qualität des Beitrags jedes Teilnehmers abhängt.
5;Der Entwickler der Tools, die Sie für die Produktentwicklung nutzen, tritt mit dem Vorschlag an Sie heran, an einem Projekt zum föderierten Lernen teilzunehmen. Er testet eine neue Machine-Learning-Funktion, die Probleme in Entwicklungsdokumenten erkennt. Dieser Pilotversuch soll mit einem Netzwerk von 10 Teilnehmern starten, zu denen auch Ihre Wettbewerber gehören. Auf der Grundlage einer Vorstudie prognostiziert er eine mittlere Leistungssteigerung für sein Modell. Die Tool-Entwickler kümmern sich als Netzwerkverwaltungsorganisation um die erforderliche Infrastruktur für das Federated Learning. Sie schätzen ein, dass die Daten, die bereitgestellt werden müssen, für Ihr Unternehmen von hoher Sensibilität sind. Die Teilnahme ist mit einer Vergütung verbunden, die von der Menge und Qualität des Beitrags jedes Teilnehmers abhängt.
6;Ein Netzwerk aus fünf konkurrierenden Herstellern schlägt ein föderiertes Lernprojekt vor, das sich auf die Qualitätskontrolle und Fehlererkennung des Endprodukts konzentriert. Das Projekt würde von einem neutralen dritten Federator als Netzwerkverwaltungsorganisation durchgeführt werden. Die Teilnehmer würden Daten beisteuern, die Sie für Ihr Unternehmen als mittelmäßig sensibel einstufen. Basierend auf einer Vorstudie verspricht das Projekt eine mittlere Steigerung der Modellleistung. Das Konsortium richtet einen gemeinsamen Vergütungsfonds ein, aus dem die Teilnehmer eine Vergütung erhalten, die sich nach dem Umfang der von ihnen bereitgestellten hochwertigen Datenmenge richtet.
7;Ein Netzwerk aus 20 Unternehmen, darunter auch einige Ihrer Wettbewerber, schlägt ein föderiertes Lernprojekt vor, das sich auf die vorausschauende Wartung von Maschinen in der Produktion konzentriert. Das Projekt würde vom Maschinen- oder Softwareanbieter als Netzwerkverwaltungsorganisation durchgeführt werden. Die Teilnehmer würden Daten beisteuern, die Sie als wenig sensibel für Ihr Unternehmen einschätzen. Basierend auf einer Vorstudie verspricht das Projekt eine geringfügige Steigerung der Modellleistung. Der Maschinenhersteller würde eine Abonnementgebühr für die Instandhaltung der Infrastruktur verlangen.
8;Ein Netzwerk aus fünf Teilnehmern aus verschiedenen Bereichen derselben Lieferkette schlägt ein föderiertes Lernprojekt vor, dessen Schwerpunkt auf einer gemeinsamen Qualitätskontrolle entlang der gesamten Lieferkette liegt. Das Projekt würde von Ihrem OEM als federführender Organisation und Modellaggregator durchgeführt werden. Die Teilnehmer würden Daten beisteuern, die Sie als hochsensibel für Ihr Unternehmen einstufen. Basierend auf einer Vorstudie verspricht das Projekt eine deutliche Steigerung der Modellleistung. Der Konsortialführer berechnet eine Abonnementgebühr für die Instandhaltung der Infrastruktur.
9;Der Entwickler der Tools, die Sie für die Produktentwicklung nutzen, tritt mit dem Vorschlag an Sie heran, an einem Projekt zum föderierten Lernen teilzunehmen. Er testet eine neue Machine-Learning-Funktion, die Probleme in Entwicklungsdokumenten erkennt. Dieser Pilotversuch soll mit einem Netzwerk von 10 Teilnehmern starten, zu denen auch Ihre Wettbewerber gehören. Auf der Grundlage einer Vorstudie prognostiziert er eine mittlere Leistungssteigerung für sein Modell. Die Tool-Entwickler kümmern sich als Netzwerkverwaltungsorganisation um die erforderliche Infrastruktur für das Federated Learning. Sie schätzen ein, dass die Daten, die bereitgestellt werden müssen, für Ihr Unternehmen von hoher Sensibilität sind. Der Leiter des Netzwerks verlangt eine Abonnementgebühr für die neue Funktion.
