id,decision,decision__agree_n,confidence,confidence__agree_n,exclusion_criterion,exclusion_criterion__agree_n,n_models,unanimous,decision__qwen2.5-14b,decision__llama3.1-8b,decision__ministral-3-14b,exclusion_criterion__qwen2.5-14b,exclusion_criterion__llama3.1-8b,exclusion_criterion__ministral-3-14b,confidence__qwen2.5-14b,confidence__llama3.1-8b,confidence__ministral-3-14b
226ZBILB,Exclude,3,93,3,E2,3,3,True,Exclude,Exclude,Exclude,E2,E2,E2,100,80,100
23DV84I5,Include,2,90,3,,0,3,False,Include,Exclude,Include,,E2,,95,80,95
23HY5X6N,Exclude,3,100,3,E2,3,3,True,Exclude,Exclude,Exclude,E2,E2,E2,100,100,100
23VN6EMY,Exclude,3,92,3,E2,3,3,True,Exclude,Exclude,Exclude,E2,E2,E2,95,80,100
24DNM3JB,Exclude,3,98,3,E2,3,3,True,Exclude,Exclude,Exclude,E2,E2,E2,95,100,100
24GLW4ND,Exclude,3,92,3,E2,3,3,True,Exclude,Exclude,Exclude,E2,E2,E2,95,80,100
24V2YD2Y,Exclude,3,90,3,E2,3,3,True,Exclude,Exclude,Exclude,E2,E2,E2,95,80,95
264GPP7U,Exclude,3,100,3,E5,2,3,True,Exclude,Exclude,Exclude,E5,E2,E5,100,100,100
28RKEIJJ,Exclude,3,100,3,E2,3,3,True,Exclude,Exclude,Exclude,E2,E2,E2,100,100,100
29J3VEGY,Exclude,3,100,3,E2,3,3,True,Exclude,Exclude,Exclude,E2,E2,E2,100,100,100
29M56G7W,Include,3,92,3,,0,3,True,Include,Include,Include,,,,98,80,98
2A8P6RWQ,Include,3,92,3,,0,3,True,Include,Include,Include,,,,100,80,95
2AIMXDPZ,Exclude,3,100,3,E5,3,3,True,Exclude,Exclude,Exclude,E5,E5,E5,100,100,100
2BLRRD82,Exclude,3,100,3,E5,3,3,True,Exclude,Exclude,Exclude,E5,E5,E5,100,100,100
2BQ7RUER,Exclude,3,100,3,E5,2,3,True,Exclude,Exclude,Exclude,E5,E2,E5,100,100,100
2CFTQT87,Include,2,95,3,,0,3,False,Include,Include,Exclude,,,E2,85,100,100
2DB3E8G7,Exclude,3,98,3,E2,3,3,True,Exclude,Exclude,Exclude,E2,E2,E2,95,100,100
2GAC7ET4,Exclude,3,97,3,E5,2,3,True,Exclude,Exclude,Exclude,E5,E2,E5,90,100,100
2GCYNV6C,Exclude,3,92,3,E2,3,3,True,Exclude,Exclude,Exclude,E2,E2,E2,95,80,100
2HD3ZH2M,Exclude,3,100,3,E2,3,3,True,Exclude,Exclude,Exclude,E2,E2,E2,100,100,100
2HPY7AB9,Exclude,3,98,3,E2,3,3,True,Exclude,Exclude,Exclude,E2,E2,E2,95,100,100
2HQWFCWQ,Include,3,87,3,,0,3,True,Include,Include,Include,,,,85,80,95
2K222BF2,Exclude,3,100,3,E2,3,3,True,Exclude,Exclude,Exclude,E2,E2,E2,100,100,100
2KH8ADQR,Exclude,3,100,3,E2,3,3,True,Exclude,Exclude,Exclude,E2,E2,E2,100,100,100
2KVEST95,Exclude,3,98,3,E2,3,3,True,Exclude,Exclude,Exclude,E2,E2,E2,95,100,100
2L7F52DC,Exclude,3,92,3,E2,3,3,True,Exclude,Exclude,Exclude,E2,E2,E2,80,100,95
2MA9B8KT,Exclude,2,87,3,E2,2,3,False,Include,Exclude,Exclude,,E2,E2,90,80,90
2MH2XYMV,Exclude,3,87,3,E2,3,3,True,Exclude,Exclude,Exclude,E2,E2,E2,85,80,95
2MSM8GRC,Include,2,87,3,,0,3,False,Include,Exclude,Include,,E2,,85,80,95
2MTPHRVL,Exclude,3,97,3,E5,3,3,True,Exclude,Exclude,Exclude,E5,E5,E5,90,100,100
2NKN9IEA,Exclude,3,100,3,E2,3,3,True,Exclude,Exclude,Exclude,E2,E2,E2,100,100,100
2NWKUL9L,Exclude,3,100,3,E2,3,3,True,Exclude,Exclude,Exclude,E2,E2,E2,100,100,100
2PHY5J39,Include,3,90,3,,0,3,True,Include,Include,Include,,,,95,80,95
2T49YMK6,Exclude,2,90,3,E2,2,3,False,Include,Exclude,Exclude,,E2,E2,95,80,95
2THEEY5F,Include,2,87,3,,0,3,False,Include,Exclude,Include,,E2,,85,80,95
2TX8U9DR,Exclude,3,100,3,E2,3,3,True,Exclude,Exclude,Exclude,E2,E2,E2,100,100,100
2VJLTSZ3,Exclude,3,90,3,E2,2,3,True,Exclude,Exclude,Exclude,E5,E2,E2,90,80,100
2WRYVG65,Exclude,3,98,3,E2,3,3,True,Exclude,Exclude,Exclude,E2,E2,E2,95,100,100
2X2PAS8V,Exclude,2,98,3,E2,2,3,False,Include,Exclude,Exclude,,E2,E2,100,100,95
2X9JMHT4,Exclude,3,93,3,E2,3,3,True,Exclude,Exclude,Exclude,E2,E2,E2,100,80,100
2XJ7KU9A,Exclude,2,93,3,E2,2,3,False,Include,Exclude,Exclude,,E2,E2,100,80,100
2XJUL2WR,Exclude,3,98,3,E2,3,3,True,Exclude,Exclude,Exclude,E2,E2,E2,95,100,100
2XKF3RWQ,Exclude,2,90,3,E2,2,3,False,Exclude,Exclude,Include,E2,E2,,95,80,95
2Y55ZF6B,Include,2,97,3,,0,3,False,Include,Exclude,Include,,E2,,100,100,90
32W3PSU3,Exclude,3,100,3,E2,2,3,True,Exclude,Exclude,Exclude,E5,E2,E2,100,100,100
32WN6AM2,Exclude,3,98,3,E2,3,3,True,Exclude,Exclude,Exclude,E2,E2,E2,95,100,100
34Z6ZW3P,Include,3,91,3,,0,3,True,Include,Include,Include,,,,95,80,98
357F638V,Exclude,2,92,3,E2,2,3,False,Include,Exclude,Exclude,,E2,E2,95,80,100
36MI3LMS,Exclude,3,92,3,E2,3,3,True,Exclude,Exclude,Exclude,E2,E2,E2,95,80,100
37CMCIVF,Exclude,3,90,3,E2,3,3,True,Exclude,Exclude,Exclude,E2,E2,E2,90,80,100
37H9BF86,Include,2,87,3,,0,3,False,Include,Exclude,Include,,E2,,85,80,95
39JIYCGS,Exclude,3,97,3,E5,3,3,True,Exclude,Exclude,Exclude,E5,E5,E5,90,100,100
3AEYU2LJ,Exclude,3,97,3,E2,2,3,True,Exclude,Exclude,Exclude,E5,E2,E2,90,100,100
3B4C2K2C,Exclude,3,90,3,E2,3,3,True,Exclude,Exclude,Exclude,E2,E2,E2,95,80,95
3B4N2A6I,Exclude,3,97,3,E2,3,3,True,Exclude,Exclude,Exclude,E2,E2,E2,95,100,95
3D763AVG,Exclude,3,98,3,E2,3,3,True,Exclude,Exclude,Exclude,E2,E2,E2,95,100,100
3ER8TQF6,Exclude,2,93,3,E2,2,3,False,Include,Exclude,Exclude,,E2,E2,100,80,100
3GFG46MS,Include,2,90,3,,0,3,False,Include,Exclude,Include,,E2,,95,80,95
3J4WCN7B,Exclude,3,97,3,E2,2,3,True,Exclude,Exclude,Exclude,E5,E2,E2,90,100,100
3J7Z78H2,Exclude,3,100,3,E5,2,3,True,Exclude,Exclude,Exclude,E5,E2,E5,100,100,100
3JBJKKI9,Exclude,3,98,3,E2,3,3,True,Exclude,Exclude,Exclude,E2,E2,E2,95,100,100
3JNBH44M,Include,2,91,3,,0,3,False,Include,Exclude,Include,,E2,,95,80,98
3JQ83E28,Exclude,3,93,3,E5,2,3,True,Exclude,Exclude,Exclude,E5,E2,E5,90,100,90
3KAIZA5P,Include,3,90,3,,0,3,True,Include,Include,Include,,,,95,80,95
3KFSY2GU,Include,2,92,3,,0,3,False,Include,Exclude,Include,,E2,,80,100,95
3L2Q2PAL,Exclude,2,97,3,E2,2,3,False,Include,Exclude,Exclude,,E2,E2,95,100,95
3MIXZYQX,Exclude,2,92,3,E2,2,3,False,Include,Exclude,Exclude,,E2,E2,95,80,100
3MKWPQ9A,Exclude,3,100,3,E2,3,3,True,Exclude,Exclude,Exclude,E2,E2,E2,100,100,100
3N52CEQW,Exclude,3,93,3,E5,2,3,True,Exclude,Exclude,Exclude,E5,E2,E5,90,100,90
3NA4HRIP,Exclude,3,98,3,E2,3,3,True,Exclude,Exclude,Exclude,E2,E2,E2,95,100,100
3NQATZ2K,Exclude,3,100,3,E5,2,3,True,Exclude,Exclude,Exclude,E5,E2,E5,100,100,100
3NR3BL4V,Exclude,3,98,3,E2,3,3,True,Exclude,Exclude,Exclude,E2,E2,E2,95,100,100
3QCJW2ZN,Exclude,3,97,3,E2,3,3,True,Exclude,Exclude,Exclude,E2,E2,E2,95,100,95
3R5Q3CEG,Exclude,3,97,3,E5,2,3,True,Exclude,Exclude,Exclude,E5,E2,E5,90,100,100
3SEVF3Q5,Exclude,3,90,3,E2,2,3,True,Exclude,Exclude,Exclude,E5,E2,E2,90,80,100
3T28EMM5,Exclude,3,92,3,E2,3,3,True,Exclude,Exclude,Exclude,E2,E2,E2,95,80,100
3V495KCY,Exclude,3,100,3,E5,2,3,True,Exclude,Exclude,Exclude,E5,E2,E5,100,100,100
3VTVX7KT,Exclude,3,97,3,E5,3,3,True,Exclude,Exclude,Exclude,E5,E5,E5,95,100,95
3XX42HSH,Exclude,3,100,3,E2,3,3,True,Exclude,Exclude,Exclude,E2,E2,E2,100,100,100
3ZNZI24I,Exclude,3,92,3,E2,3,3,True,Exclude,Exclude,Exclude,E2,E2,E2,95,80,100
44ISBVAT,Exclude,3,98,3,E2,3,3,True,Exclude,Exclude,Exclude,E2,E2,E2,95,100,100
44N786HD,Exclude,3,100,3,E2,3,3,True,Exclude,Exclude,Exclude,E2,E2,E2,100,100,100
45B77XVJ,Exclude,3,100,3,E2,3,3,True,Exclude,Exclude,Exclude,E2,E2,E2,100,100,100
48GIQUWN,Exclude,3,98,3,E2,3,3,True,Exclude,Exclude,Exclude,E2,E2,E2,95,100,100
48UIHVFJ,Include,2,90,3,,0,3,False,Include,Exclude,Include,,E2,,95,80,95
48ZYDTJZ,Exclude,3,100,3,E2,3,3,True,Exclude,Exclude,Exclude,E2,E2,E2,100,100,100
4B7YECQB,Exclude,3,90,3,E2,2,3,True,Exclude,Exclude,Exclude,E5,E2,E2,90,80,100
4BAKJUXV,Exclude,3,98,3,E2,3,3,True,Exclude,Exclude,Exclude,E2,E2,E2,95,100,100
4BWNRBJM,Exclude,3,93,3,E2,3,3,True,Exclude,Exclude,Exclude,E2,E2,E2,100,80,100
4BZ8BBQE,Exclude,3,98,3,E2,3,3,True,Exclude,Exclude,Exclude,E2,E2,E2,95,100,100
4EY4QWCA,Exclude,3,100,3,E2,3,3,True,Exclude,Exclude,Exclude,E2,E2,E2,100,100,100
4FBSG7NP,Include,2,93,3,,0,3,False,Include,Exclude,Include,,E2,,100,80,100
4FPGZMH3,Exclude,3,93,3,E5,2,3,True,Exclude,Exclude,Exclude,E5,E2,E5,100,80,100
4GDX64AJ,Include,2,91,3,,0,3,False,Include,Exclude,Include,,E2,,95,80,98
4J4EEP2K,Exclude,3,97,3,E2,3,3,True,Exclude,Exclude,Exclude,E2,E2,E2,95,100,95
4KLE3W56,Exclude,3,90,3,E2,2,3,True,Exclude,Exclude,Exclude,E5,E2,E2,95,80,95
4KRI39WG,Exclude,3,98,3,E2,3,3,True,Exclude,Exclude,Exclude,E2,E2,E2,95,100,100
4LEPAMPV,Exclude,3,100,3,E2,3,3,True,Exclude,Exclude,Exclude,E2,E2,E2,100,100,100
4LFGAPQC,Exclude,3,92,3,E2,3,3,True,Exclude,Exclude,Exclude,E2,E2,E2,95,80,100
4M5ZGUJ4,Exclude,3,93,3,E2,3,3,True,Exclude,Exclude,Exclude,E2,E2,E2,100,80,100
4M9K568Y,Exclude,3,100,3,E2,3,3,True,Exclude,Exclude,Exclude,E2,E2,E2,100,100,100
4MDJGQEP,Exclude,3,100,3,E2,3,3,True,Exclude,Exclude,Exclude,E2,E2,E2,100,100,100
4NKRHVZL,Exclude,3,100,3,E2,3,3,True,Exclude,Exclude,Exclude,E2,E2,E2,100,100,100
4NS62PG3,Exclude,2,87,3,E2,2,3,False,Include,Exclude,Exclude,,E2,E2,85,80,95
4QGK3K5L,Include,2,95,3,,0,3,False,Include,Include,Exclude,,,E2,100,90,95
4S5W5KAH,Exclude,3,90,3,E2,3,3,True,Exclude,Exclude,Exclude,E2,E2,E2,95,80,95
4T5I4QMZ,Exclude,3,100,3,E2,3,3,True,Exclude,Exclude,Exclude,E2,E2,E2,100,100,100
4T9G6G2T,Exclude,3,93,3,E2,2,3,True,Exclude,Exclude,Exclude,E5,E2,E2,100,80,100
4UGBIT8Z,Exclude,3,97,3,E2,3,3,True,Exclude,Exclude,Exclude,E2,E2,E2,95,100,95
4WPZLQL4,Exclude,3,100,3,E5,2,3,True,Exclude,Exclude,Exclude,E5,E2,E5,100,100,100
4X4PPHD4,Include,2,98,3,,0,3,False,Include,Include,Exclude,,,E2,100,100,95
52GHRF9H,Include,3,77,3,,0,3,True,Include,Include,Include,,,,85,50,95
53NFSG9J,Exclude,2,83,3,E2,2,3,False,Include,Exclude,Exclude,,E2,E2,75,80,95
56ZPCH43,Exclude,3,100,3,E2,3,3,True,Exclude,Exclude,Exclude,E2,E2,E2,100,100,100
572Z2QKW,Exclude,2,92,3,E2,2,3,False,Include,Exclude,Exclude,,E2,E2,95,80,100
575HLE3R,Exclude,3,100,3,E2,3,3,True,Exclude,Exclude,Exclude,E2,E2,E2,100,100,100
57BNTSI2,Exclude,3,98,3,E2,3,3,True,Exclude,Exclude,Exclude,E2,E2,E2,95,100,100
57EFH5LT,Exclude,3,90,3,E2,3,3,True,Exclude,Exclude,Exclude,E2,E2,E2,95,80,95
57WXARML,Exclude,3,98,3,E2,3,3,True,Exclude,Exclude,Exclude,E2,E2,E2,95,100,100
59BGU88J,Exclude,3,100,3,E2,2,3,True,Exclude,Exclude,Exclude,E5,E2,E2,100,100,100
59PSK3GI,Exclude,3,98,3,E2,3,3,True,Exclude,Exclude,Exclude,E2,E2,E2,95,100,100
5A33MZ8Z,Exclude,3,92,3,E2,3,3,True,Exclude,Exclude,Exclude,E2,E2,E2,95,80,100
5ADT647V,Exclude,3,92,3,E2,3,3,True,Exclude,Exclude,Exclude,E2,E2,E2,95,80,100
5AP52GAZ,Exclude,3,67,3,E2,2,3,True,Exclude,Exclude,Exclude,E5,E2,E2,20,80,100
5B32LWAB,Exclude,3,98,3,E2,2,3,True,Exclude,Exclude,Exclude,E2,E2,E5,95,100,100
5C7ZLYAZ,Exclude,2,90,3,E2,2,3,False,Exclude,Exclude,Include,E2,E2,,95,80,95
5CBP4UP8,Exclude,3,100,3,E2,3,3,True,Exclude,Exclude,Exclude,E2,E2,E2,100,100,100
5CFBEZH2,Exclude,2,95,3,E2,2,3,False,Exclude,Exclude,Include,E2,E2,,95,100,90
5DG2XSSU,Exclude,3,100,3,E5,2,3,True,Exclude,Exclude,Exclude,E5,E2,E5,100,100,100
5DTBDXBE,Include,2,90,3,,0,3,False,Include,Exclude,Include,,E2,,95,80,95
5E4XJI24,Exclude,3,92,3,E5,3,3,True,Exclude,Exclude,Exclude,E5,E5,E5,95,80,100
5E8ALEYE,Exclude,3,93,3,E2,3,3,True,Exclude,Exclude,Exclude,E2,E2,E2,100,80,100
5EF8ULPT,Include,3,94,3,,0,3,True,Include,Include,Include,,,,95,90,98
5ER4X4Z8,Include,2,90,3,,0,3,False,Include,Exclude,Include,,E2,,95,80,95
5H4XKF9B,Include,3,90,3,,0,3,True,Include,Include,Include,,,,95,80,95
5JLFAQ8L,Exclude,3,98,3,E2,3,3,True,Exclude,Exclude,Exclude,E2,E2,E2,95,100,100
5JZJSNWT,Include,2,90,3,,0,3,False,Include,Exclude,Include,,E2,,95,80,95
5K4SAGSI,Include,2,97,3,,0,3,False,Include,Exclude,Include,,E2,,95,100,95
5MC2PIWN,Exclude,3,93,3,E2,3,3,True,Exclude,Exclude,Exclude,E2,E2,E2,100,80,100
5MMYVF4V,Include,2,93,3,,0,3,False,Include,Exclude,Include,,E2,,85,100,95
5NJTQ6RP,Exclude,3,98,3,E2,3,3,True,Exclude,Exclude,Exclude,E2,E2,E2,95,100,100
5PHMCM9N,Exclude,3,100,3,E5,2,3,True,Exclude,Exclude,Exclude,E5,E2,E5,100,100,100
5PM58E4D,Include,3,90,3,,0,3,True,Include,Include,Include,,,,95,80,95
5QEBGXPD,Exclude,3,87,3,E2,3,3,True,Exclude,Exclude,Exclude,E2,E2,E2,85,80,95
5RJNSLXF,Exclude,3,98,3,E2,3,3,True,Exclude,Exclude,Exclude,E2,E2,E2,95,100,100
5RZDFDQW,Include,2,90,3,,0,3,False,Include,Exclude,Include,,E2,,95,80,95
5SDCXNME,Include,2,87,3,,0,3,False,Include,Exclude,Include,,E2,,85,80,95
5SPVQ2IW,Exclude,3,100,3,E2,3,3,True,Exclude,Exclude,Exclude,E2,E2,E2,100,100,100
5VIVTSFD,Exclude,3,100,3,E2,2,3,True,Exclude,Exclude,Exclude,E2,E2,E5,100,100,100
5W4XGCMF,Exclude,3,98,3,E2,3,3,True,Exclude,Exclude,Exclude,E2,E2,E2,95,100,100
5W9FXHX6,Exclude,3,93,3,E2,3,3,True,Exclude,Exclude,Exclude,E2,E2,E2,100,80,100
5WVF7ZBI,Exclude,2,83,3,E2,2,3,False,Exclude,Exclude,Include,E2,E2,,75,80,95
5YB85U4Q,Exclude,3,92,3,E2,3,3,True,Exclude,Exclude,Exclude,E2,E2,E2,100,80,95
5YIL5GTQ,Exclude,3,100,3,E5,2,3,True,Exclude,Exclude,Exclude,E5,E2,E5,100,100,100
5ZD9PVUD,Exclude,3,93,3,E2,3,3,True,Exclude,Exclude,Exclude,E2,E2,E2,100,80,100
62TCJ6XG,Exclude,3,92,3,E2,3,3,True,Exclude,Exclude,Exclude,E2,E2,E2,95,80,100
63B5NNQ4,Exclude,3,100,3,E2,3,3,True,Exclude,Exclude,Exclude,E2,E2,E2,100,100,100
63NYZD7B,Exclude,3,100,3,E2,3,3,True,Exclude,Exclude,Exclude,E2,E2,E2,100,100,100
64H7TA4E,Exclude,3,90,3,E2,3,3,True,Exclude,Exclude,Exclude,E2,E2,E2,95,80,95
65DDBJKI,Exclude,3,92,3,E2,3,3,True,Exclude,Exclude,Exclude,E2,E2,E2,95,80,100
6639PZMG,Exclude,2,87,3,E2,2,3,False,Exclude,Exclude,Include,E2,E2,,95,80,85
68294HM4,Exclude,3,100,3,E2,3,3,True,Exclude,Exclude,Exclude,E2,E2,E2,100,100,100
68RJ8HHW,Include,2,82,3,,0,3,False,Include,Include,Exclude,,,E2,70,80,95
69CPLI8L,Exclude,3,97,3,E5,2,3,True,Exclude,Exclude,Exclude,E5,E2,E5,90,100,100
6B9IX6HC,Exclude,2,88,3,E2,2,3,False,Exclude,Exclude,Include,E2,E2,,95,80,90
6C48SSQS,Exclude,3,90,3,E2,3,3,True,Exclude,Exclude,Exclude,E2,E2,E2,95,80,95
6DLNEIUD,Exclude,3,100,3,E2,3,3,True,Exclude,Exclude,Exclude,E2,E2,E2,100,100,100
6EV2PJ7Z,Exclude,3,93,3,E2,3,3,True,Exclude,Exclude,Exclude,E2,E2,E2,100,80,100
6G6XVX9S,Exclude,3,98,3,E2,3,3,True,Exclude,Exclude,Exclude,E2,E2,E2,95,100,100
6G9SZ23T,Exclude,3,98,3,E2,3,3,True,Exclude,Exclude,Exclude,E2,E2,E2,95,100,100
6IVXL87Q,Exclude,3,97,3,E2,2,3,True,Exclude,Exclude,Exclude,E5,E2,E2,90,100,100
6J7QVBUM,Exclude,3,97,3,E5,2,3,True,Exclude,Exclude,Exclude,E5,E2,E5,90,100,100
6KZ4S6MQ,Exclude,3,98,3,E2,3,3,True,Exclude,Exclude,Exclude,E2,E2,E2,95,100,100
6LBVUR9C,Exclude,3,98,3,E2,3,3,True,Exclude,Exclude,Exclude,E2,E2,E2,95,100,100
6LFRZWN3,Exclude,3,98,3,E2,3,3,True,Exclude,Exclude,Exclude,E2,E2,E2,95,100,100
6LIJXYS9,Exclude,3,100,3,E5,2,3,True,Exclude,Exclude,Exclude,E5,E2,E5,100,100,100
6M4RWLJS,Include,3,90,3,,0,3,True,Include,Include,Include,,,,95,80,95
6PMZSERN,Exclude,3,93,3,E5,2,3,True,Exclude,Exclude,Exclude,E5,E2,E5,100,80,100
6SGHCCG5,Exclude,3,97,3,E5,2,3,True,Exclude,Exclude,Exclude,E5,E2,E5,90,100,100
6TRTUSMS,Exclude,3,90,3,E5,2,3,True,Exclude,Exclude,Exclude,E5,E2,E5,95,80,95
6UQETPVH,Exclude,3,98,3,E2,3,3,True,Exclude,Exclude,Exclude,E2,E2,E2,95,100,100
6X43DA6S,Exclude,3,98,3,E5,3,3,True,Exclude,Exclude,Exclude,E5,E5,E5,95,100,100
6X4KRE5V,Include,2,90,3,,0,3,False,Include,Exclude,Include,,E2,,95,80,95
6X7TBGXE,Include,2,90,3,,0,3,False,Include,Exclude,Include,,E2,,95,80,95
6YHWPKID,Exclude,3,100,3,E5,2,3,True,Exclude,Exclude,Exclude,E5,E2,E5,100,100,100
6YLBRS2K,Exclude,3,90,3,E2,3,3,True,Exclude,Exclude,Exclude,E2,E2,E2,95,80,95
6YLG6UUS,Exclude,3,98,3,E2,3,3,True,Exclude,Exclude,Exclude,E2,E2,E2,95,100,100
73WGXRXM,Exclude,3,93,3,E5,2,3,True,Exclude,Exclude,Exclude,E5,E2,E5,100,80,100
74VX42V2,Exclude,3,98,3,E2,3,3,True,Exclude,Exclude,Exclude,E2,E2,E2,95,100,100
755MDMKG,Exclude,3,100,3,E2,3,3,True,Exclude,Exclude,Exclude,E2,E2,E2,100,100,100
76GYPQP2,Exclude,2,98,3,,0,3,False,Include,Exclude,Exclude,,E2,E5,100,100,95
76U73HEM,Exclude,3,97,3,E5,2,3,True,Exclude,Exclude,Exclude,E5,E2,E5,90,100,100
78UVWHIL,Exclude,3,98,3,E5,2,3,True,Exclude,Exclude,Exclude,E5,E2,E5,95,100,100
78W252KB,Exclude,3,90,3,E2,3,3,True,Exclude,Exclude,Exclude,E2,E2,E2,95,80,95
78ZW3WB7,Exclude,3,98,3,E2,3,3,True,Exclude,Exclude,Exclude,E2,E2,E2,95,100,100
7AJK687B,Exclude,3,97,3,E5,3,3,True,Exclude,Exclude,Exclude,E5,E5,E5,90,100,100
7CCRR6RU,Exclude,3,100,3,E5,2,3,True,Exclude,Exclude,Exclude,E5,E2,E5,100,100,100
7DT5ZU9H,Exclude,3,100,3,E2,3,3,True,Exclude,Exclude,Exclude,E2,E2,E2,100,100,100
7EHGZURW,Include,3,87,3,,0,3,True,Include,Include,Include,,,,85,80,95
7GGF3HZQ,Exclude,3,90,3,E2,3,3,True,Exclude,Exclude,Exclude,E2,E2,E2,95,80,95
7GKI8GF5,Exclude,3,92,3,E2,3,3,True,Exclude,Exclude,Exclude,E2,E2,E2,95,80,100
7GVUUJV2,Exclude,3,97,3,E5,2,3,True,Exclude,Exclude,Exclude,E5,E2,E5,95,100,95
7HUMBYEK,Include,3,90,3,,0,3,True,Include,Include,Include,,,,95,80,95
7HYIR8H8,Exclude,3,95,3,E2,2,3,True,Exclude,Exclude,Exclude,E5,E2,E2,90,100,95
7HZVDDKU,Exclude,3,93,3,E2,3,3,True,Exclude,Exclude,Exclude,E2,E2,E2,100,80,100
7I42W4ZX,Include,2,87,3,,0,3,False,Include,Exclude,Include,,E2,,85,80,95
7KVJK3MG,Exclude,3,98,3,E2,3,3,True,Exclude,Exclude,Exclude,E2,E2,E2,95,100,100
7KYBJ763,Include,3,90,3,,0,3,True,Include,Include,Include,,,,95,80,95
7LMUBFN2,Exclude,3,92,3,E2,3,3,True,Exclude,Exclude,Exclude,E2,E2,E2,95,80,100
7LN3M5NV,Exclude,3,100,3,E2,3,3,True,Exclude,Exclude,Exclude,E2,E2,E2,100,100,100
7M44E832,Exclude,2,100,3,,0,3,False,Include,Exclude,Exclude,,E2,E5,100,100,100
7MELZFN2,Exclude,3,98,3,E5,2,3,True,Exclude,Exclude,Exclude,E5,E2,E5,95,100,100
7MF3IPHD,Exclude,3,100,3,E2,3,3,True,Exclude,Exclude,Exclude,E2,E2,E2,100,100,100
7Q6G3EUU,Exclude,3,100,3,E5,2,3,True,Exclude,Exclude,Exclude,E5,E2,E5,100,100,100
7QDSEDDL,Exclude,3,92,3,E2,3,3,True,Exclude,Exclude,Exclude,E2,E2,E2,95,80,100
7QF737CS,Exclude,3,98,3,E2,3,3,True,Exclude,Exclude,Exclude,E2,E2,E2,95,100,100
7QX8DMMM,Exclude,3,90,3,E2,3,3,True,Exclude,Exclude,Exclude,E2,E2,E2,95,80,95
7T799ZFR,Exclude,3,97,3,E5,3,3,True,Exclude,Exclude,Exclude,E5,E5,E5,90,100,100
7UPRWUX3,Exclude,3,98,3,E5,2,3,True,Exclude,Exclude,Exclude,E5,E2,E5,95,100,100
7VAIU7XZ,Exclude,3,97,3,E5,2,3,True,Exclude,Exclude,Exclude,E5,E2,E5,90,100,100
7WBD45KG,Include,2,92,3,,0,3,False,Include,Exclude,Include,,E2,,100,80,95
7X3P7VM9,Exclude,3,100,3,E2,3,3,True,Exclude,Exclude,Exclude,E2,E2,E2,100,100,100
7XKKMQ4W,Include,3,99,3,,0,3,True,Include,Include,Include,,,,98,100,98
7Z2I4CQ5,Exclude,3,65,3,E2,2,3,True,Exclude,Exclude,Exclude,E5,E2,E2,20,80,95
7Z773XEB,Exclude,3,98,3,E2,3,3,True,Exclude,Exclude,Exclude,E2,E2,E2,95,100,100
7Z8J33Y7,Exclude,3,98,3,E2,3,3,True,Exclude,Exclude,Exclude,E2,E2,E2,95,100,100
7ZP4PJB7,Exclude,3,98,3,E2,3,3,True,Exclude,Exclude,Exclude,E2,E2,E2,95,100,100
848UX4HG,Exclude,3,93,3,E2,3,3,True,Exclude,Exclude,Exclude,E2,E2,E2,100,80,100
887JQIZG,Exclude,3,100,3,E2,3,3,True,Exclude,Exclude,Exclude,E2,E2,E2,100,100,100
88DK7R3W,Exclude,3,90,3,E2,3,3,True,Exclude,Exclude,Exclude,E2,E2,E2,95,80,95
88M5GN9Y,Include,2,90,3,,0,3,False,Include,Include,Exclude,,,E2,75,100,95
88NZWTSE,Exclude,3,100,3,E2,3,3,True,Exclude,Exclude,Exclude,E2,E2,E2,100,100,100
88VVYXND,Exclude,2,98,3,E2,2,3,False,Include,Exclude,Exclude,,E2,E2,100,100,95
8A4HUC3F,Exclude,3,100,3,E5,2,3,True,Exclude,Exclude,Exclude,E5,E2,E5,100,100,100
8AJUPJ7A,Exclude,3,90,3,E2,3,3,True,Exclude,Exclude,Exclude,E2,E2,E2,95,80,95
8CD5DXIW,Exclude,3,97,3,E2,2,3,True,Exclude,Exclude,Exclude,E5,E2,E2,90,100,100
8CEPY2NF,Exclude,3,67,3,E2,2,3,True,Exclude,Exclude,Exclude,,E2,E2,0,100,100
8FKFKFFY,Exclude,3,98,3,E2,3,3,True,Exclude,Exclude,Exclude,E2,E2,E2,95,100,100
8GFTKXH2,Exclude,3,99,3,E2,3,3,True,Exclude,Exclude,Exclude,E2,E2,E2,98,100,100
8HCIHMQ3,Exclude,3,92,3,E2,3,3,True,Exclude,Exclude,Exclude,E2,E2,E2,95,80,100
8I4UGWA5,Exclude,3,100,3,E2,3,3,True,Exclude,Exclude,Exclude,E2,E2,E2,100,100,100
8I75ICB4,Exclude,3,98,3,E2,3,3,True,Exclude,Exclude,Exclude,E2,E2,E2,95,100,100
8KC4HHKR,Include,2,97,3,,0,3,False,Exclude,Include,Include,E2,,,95,100,95
8NDJCVLJ,Exclude,3,100,3,E2,3,3,True,Exclude,Exclude,Exclude,E2,E2,E2,100,100,100
8PLE3L8Z,Exclude,3,100,3,E2,2,3,True,Exclude,Exclude,Exclude,E5,E2,E2,100,100,100
8QDEPGCS,Exclude,3,100,3,E2,3,3,True,Exclude,Exclude,Exclude,E2,E2,E2,100,100,100
8QSQ66SA,Exclude,3,100,3,E5,2,3,True,Exclude,Exclude,Exclude,E5,E2,E5,100,100,100
8RGS8JGT,Include,2,87,3,,0,3,False,Include,Exclude,Include,,E2,,85,80,95
8RZILKWQ,Exclude,3,93,3,E2,3,3,True,Exclude,Exclude,Exclude,E2,E2,E2,80,100,100
8S7KYCVS,Exclude,3,100,3,E2,3,3,True,Exclude,Exclude,Exclude,E2,E2,E2,100,100,100
8TEPDNDH,Exclude,3,97,3,E2,2,3,True,Exclude,Exclude,Exclude,E5,E2,E2,95,100,95
8UMRZK8A,Exclude,3,93,3,E2,3,3,True,Exclude,Exclude,Exclude,E2,E2,E2,100,80,100
8V5PMB9C,Exclude,3,98,3,E2,3,3,True,Exclude,Exclude,Exclude,E2,E2,E2,95,100,100
8Z8TUABA,Exclude,3,100,3,E2,3,3,True,Exclude,Exclude,Exclude,E2,E2,E2,100,100,100
9235KUH7,Exclude,3,100,3,E2,3,3,True,Exclude,Exclude,Exclude,E2,E2,E2,100,100,100
927AJNXE,Exclude,3,90,3,E2,3,3,True,Exclude,Exclude,Exclude,E2,E2,E2,95,80,95
92TNXRMU,Exclude,3,98,3,E2,3,3,True,Exclude,Exclude,Exclude,E2,E2,E2,95,100,100
94L5WK8E,Exclude,3,100,3,E2,3,3,True,Exclude,Exclude,Exclude,E2,E2,E2,100,100,100
97IWVD3L,Exclude,2,87,3,E2,2,3,False,Include,Exclude,Exclude,,E2,E2,85,80,95
988HMSVR,Exclude,3,100,3,E2,3,3,True,Exclude,Exclude,Exclude,E2,E2,E2,100,100,100
98CAPWTD,Include,3,90,3,,0,3,True,Include,Include,Include,,,,95,80,95
98H3VQ95,Exclude,3,97,3,E5,2,3,True,Exclude,Exclude,Exclude,E5,E2,E5,95,100,95
9AXEZCJQ,Exclude,3,100,3,E5,2,3,True,Exclude,Exclude,Exclude,E5,E2,E5,100,100,100
9B77YY88,Exclude,3,100,3,E2,2,3,True,Exclude,Exclude,Exclude,E5,E2,E2,100,100,100
9BQPDEGH,Exclude,3,100,3,E2,3,3,True,Exclude,Exclude,Exclude,E2,E2,E2,100,100,100
9EF43QF9,Exclude,3,92,3,E2,3,3,True,Exclude,Exclude,Exclude,E2,E2,E2,95,80,100
9GA3C7CH,Exclude,2,90,3,,0,3,False,Include,Exclude,Exclude,,E2,E5,95,80,95
9HRC7YX6,Include,2,87,3,,0,3,False,Include,Include,Exclude,,,E5,80,80,100
9HVH64R8,Include,3,92,3,,0,3,True,Include,Include,Include,,,,100,80,95
9HY282ZP,Exclude,3,100,3,E2,2,3,True,Exclude,Exclude,Exclude,,E2,E2,100,100,100
9KEMGNLJ,Exclude,3,100,3,E2,3,3,True,Exclude,Exclude,Exclude,E2,E2,E2,100,100,100
9LUHWTFW,Exclude,3,70,3,E2,3,3,True,Exclude,Exclude,Exclude,E2,E2,E2,30,80,100
9NKIZJ2W,Exclude,2,90,3,E2,2,3,False,Exclude,Exclude,Include,E2,E2,,95,80,95
9NRUGEZA,Exclude,3,97,3,E2,3,3,True,Exclude,Exclude,Exclude,E2,E2,E2,90,100,100
9UARHU5R,Exclude,3,100,3,E5,2,3,True,Exclude,Exclude,Exclude,E5,E2,E5,100,100,100
9UH4Y4QE,Exclude,3,98,3,E2,3,3,True,Exclude,Exclude,Exclude,E2,E2,E2,95,100,100
9V7NMWKG,Exclude,3,100,3,E2,3,3,True,Exclude,Exclude,Exclude,E2,E2,E2,100,100,100
9VAE4HII,Exclude,2,68,3,E2,2,3,False,Exclude,Exclude,Include,E2,E2,,30,80,95
9VWM687T,Exclude,3,100,3,E5,2,3,True,Exclude,Exclude,Exclude,E5,E2,E5,100,100,100
9W6EAN57,Include,2,90,3,,0,3,False,Include,Exclude,Include,,E2,,95,80,95
9X7ACWGD,Exclude,3,93,3,E2,3,3,True,Exclude,Exclude,Exclude,E2,E2,E2,98,80,100
9XKXTI6A,Exclude,3,100,3,E2,3,3,True,Exclude,Exclude,Exclude,E2,E2,E2,100,100,100
9YTN3PS4,Exclude,3,93,3,E2,3,3,True,Exclude,Exclude,Exclude,E2,E2,E2,100,80,100
A2MXP484,Include,2,90,3,,0,3,False,Include,Exclude,Include,,E2,,95,80,95
A2UHW9VT,Exclude,3,97,3,E5,2,3,True,Exclude,Exclude,Exclude,E5,E2,E5,90,100,100
A3DCY5W7,Exclude,3,100,3,E5,2,3,True,Exclude,Exclude,Exclude,E5,E2,E5,100,100,100
A46N2BN4,Exclude,3,100,3,E2,3,3,True,Exclude,Exclude,Exclude,E2,E2,E2,100,100,100
A4KXNUSC,Exclude,2,97,3,E2,2,3,False,Include,Exclude,Exclude,,E2,E2,95,100,95
A5BTKNUB,Exclude,3,98,3,E2,3,3,True,Exclude,Exclude,Exclude,E2,E2,E2,95,100,100
A5GBBYMR,Exclude,3,97,3,E2,3,3,True,Exclude,Exclude,Exclude,E2,E2,E2,95,100,95
A5GF2M3F,Exclude,3,92,3,E2,3,3,True,Exclude,Exclude,Exclude,E2,E2,E2,95,80,100
A5WS6I5N,Exclude,3,97,3,E2,3,3,True,Exclude,Exclude,Exclude,E2,E2,E2,90,100,100
A7E8H8C3,Exclude,3,83,3,E2,3,3,True,Exclude,Exclude,Exclude,E2,E2,E2,50,100,100
A99SMRDF,Exclude,3,98,3,E2,2,3,True,Exclude,Exclude,Exclude,E5,E2,E2,100,100,95
A9MG9ZMR,Exclude,3,100,3,E5,2,3,True,Exclude,Exclude,Exclude,E5,E2,E5,100,100,100
AANPKJRI,Exclude,3,77,3,E2,3,3,True,Exclude,Exclude,Exclude,E2,E2,E2,30,100,100
ACF4DZLW,Include,3,90,3,,0,3,True,Include,Include,Include,,,,95,80,95
AEC4Z6UA,Exclude,3,90,3,E2,3,3,True,Exclude,Exclude,Exclude,E2,E2,E2,95,80,95
AF2DIAC4,Include,3,99,3,,0,3,True,Include,Include,Include,,,,98,100,98
AFVNVIRN,Exclude,3,68,3,E2,3,3,True,Exclude,Exclude,Exclude,E2,E2,E2,30,80,95
AHUQHV3E,Include,3,90,3,,0,3,True,Include,Include,Include,,,,95,80,95
AI7KLQEL,Include,2,83,3,,0,3,False,Include,Exclude,Include,,E2,,80,80,90
AIEZHJKC,Include,3,90,3,,0,3,True,Include,Include,Include,,,,95,80,95
AILRFYW9,Exclude,3,100,3,E2,2,3,True,Exclude,Exclude,Exclude,E2,E5,E2,100,100,100
AJADN2BP,Exclude,3,98,3,E2,3,3,True,Exclude,Exclude,Exclude,E2,E2,E2,95,100,100
ALAYL6UE,Exclude,3,97,3,E2,3,3,True,Exclude,Exclude,Exclude,E2,E2,E2,95,100,95
ALD8HPG5,Exclude,3,98,3,E2,3,3,True,Exclude,Exclude,Exclude,E2,E2,E2,95,100,100
ALL2G5GG,Exclude,3,100,3,E5,2,3,True,Exclude,Exclude,Exclude,E5,E2,E5,100,100,100
AMS9N2SN,Include,2,90,3,,0,3,False,Include,Exclude,Include,,E2,,95,80,95
AMWNCAEJ,Exclude,3,99,3,E2,3,3,True,Exclude,Exclude,Exclude,E2,E2,E2,98,100,100
AMYK3236,Exclude,3,100,3,E2,3,3,True,Exclude,Exclude,Exclude,E2,E2,E2,100,100,100
AN73XBRL,Exclude,3,100,3,E2,2,3,True,Exclude,Exclude,Exclude,E5,E2,E2,100,100,100
APLJ26U9,Exclude,2,88,3,E2,2,3,False,Exclude,Exclude,Include,E2,E2,,95,80,90
APM74VA4,Exclude,3,100,3,E5,2,3,True,Exclude,Exclude,Exclude,E5,E2,E5,100,100,100
ARJRP3TR,Exclude,3,100,3,E2,3,3,True,Exclude,Exclude,Exclude,E2,E2,E2,100,100,100
ARZUJU6N,Exclude,3,92,3,E2,3,3,True,Exclude,Exclude,Exclude,E2,E2,E2,95,80,100
AS6988KE,Exclude,3,98,3,E2,3,3,True,Exclude,Exclude,Exclude,E2,E2,E2,95,100,100
ATCDYK2P,Include,2,97,3,,0,3,False,Include,Exclude,Include,,E2,,95,100,95
AURB5MQE,Exclude,3,100,3,E5,2,3,True,Exclude,Exclude,Exclude,E5,E2,E5,100,100,100
AVBTI6IM,Exclude,3,98,3,E2,3,3,True,Exclude,Exclude,Exclude,E2,E2,E2,95,100,100
AXZ8VX5T,Exclude,2,88,3,E2,2,3,False,Include,Exclude,Exclude,,E2,E2,70,100,95
AYFZ84Y7,Exclude,3,93,3,E5,2,3,True,Exclude,Exclude,Exclude,E5,E2,E5,100,80,100
AYXBV9R7,Exclude,3,98,3,E2,3,3,True,Exclude,Exclude,Exclude,E2,E2,E2,95,100,100
AZN682H4,Exclude,3,98,3,E2,3,3,True,Exclude,Exclude,Exclude,E2,E2,E2,95,100,100
AZVPAXXE,Exclude,3,97,3,E2,3,3,True,Exclude,Exclude,Exclude,E2,E2,E2,90,100,100
B254RASP,Include,2,95,3,,0,3,False,Include,Exclude,Include,,E2,,90,100,95
B27CFN9K,Exclude,3,97,3,E2,2,3,True,Exclude,Exclude,Exclude,E5,E2,E2,90,100,100
B2F4Q6CW,Exclude,3,100,3,E5,2,3,True,Exclude,Exclude,Exclude,E5,E2,E5,100,100,100
B5TS35T4,Include,2,90,3,,0,3,False,Include,Exclude,Include,,E2,,95,80,95
B6TGH28E,Exclude,3,90,3,E5,2,3,True,Exclude,Exclude,Exclude,E5,E2,E5,90,80,100
B725QZBR,Exclude,3,99,3,E2,3,3,True,Exclude,Exclude,Exclude,E2,E2,E2,98,100,100
B76MQS2S,Exclude,3,98,3,E2,3,3,True,Exclude,Exclude,Exclude,E2,E2,E2,95,100,100
B7JNGWVU,Exclude,2,90,3,E2,2,3,False,Exclude,Exclude,Include,E2,E2,,95,80,95
B7U3GLHS,Exclude,3,100,3,E2,3,3,True,Exclude,Exclude,Exclude,E2,E2,E2,100,100,100
B7U9ZPTQ,Exclude,3,98,3,E2,2,3,True,Exclude,Exclude,Exclude,E2,E2,E5,95,100,100
B7XSE8XF,Exclude,3,92,3,E5,3,3,True,Exclude,Exclude,Exclude,E5,E5,E5,95,80,100
B7XXVWIZ,Exclude,3,100,3,E2,3,3,True,Exclude,Exclude,Exclude,E2,E2,E2,100,100,100
BB2LSZX3,Exclude,3,92,3,E2,3,3,True,Exclude,Exclude,Exclude,E2,E2,E2,95,80,100
BBGDA3NY,Exclude,3,97,3,E5,2,3,True,Exclude,Exclude,Exclude,E5,E2,E5,90,100,100
BCSQ5G5B,Include,2,90,3,,0,3,False,Include,Exclude,Include,,E2,,95,80,95
BDFJI5V8,Exclude,3,98,3,E2,3,3,True,Exclude,Exclude,Exclude,E2,E2,E2,95,100,100
BDZTXST7,Exclude,2,100,3,E2,2,3,False,Include,Exclude,Exclude,,E2,E2,100,100,100
BE5PD4YB,Include,2,90,3,,0,3,False,Include,Exclude,Include,,E2,,95,80,95
BEGC93YT,Exclude,3,68,3,E2,3,3,True,Exclude,Exclude,Exclude,E2,E2,E2,10,100,95
BGL5AVZB,Exclude,3,100,3,E5,2,3,True,Exclude,Exclude,Exclude,E5,E2,E5,100,100,100
BH89FTP8,Exclude,3,98,3,E5,2,3,True,Exclude,Exclude,Exclude,E5,E2,E5,95,100,100
BHJVPDKD,Include,2,90,3,,0,3,False,Include,Exclude,Include,,E2,,95,80,95
BJKGRYN2,Exclude,3,98,3,E2,3,3,True,Exclude,Exclude,Exclude,E2,E2,E2,95,100,100
BLGAX3E4,Exclude,3,85,3,E2,3,3,True,Exclude,Exclude,Exclude,E2,E2,E2,85,80,90
BLMEAAD6,Exclude,3,90,3,E2,3,3,True,Exclude,Exclude,Exclude,E2,E2,E2,95,80,95
BMJMWPZD,Include,2,90,3,,0,3,False,Include,Exclude,Include,,E2,,95,80,95
BNDNQTDR,Exclude,2,100,3,E2,2,3,False,Include,Exclude,Exclude,,E2,E2,100,100,100
BP7M56JK,Include,2,90,3,,0,3,False,Include,Exclude,Include,,E2,,95,80,95
BPWWXM3S,Exclude,3,90,3,E2,2,3,True,Exclude,Exclude,Exclude,E5,E2,E2,90,80,100
BQCCZGAX,Exclude,3,100,3,E2,3,3,True,Exclude,Exclude,Exclude,E2,E2,E2,100,100,100
BR3NELBN,Exclude,3,100,3,E2,3,3,True,Exclude,Exclude,Exclude,E2,E2,E2,100,100,100
BRYFV84E,Exclude,3,97,3,E5,2,3,True,Exclude,Exclude,Exclude,E5,E2,E5,90,100,100
BSPGBPQT,Exclude,3,90,3,E2,3,3,True,Exclude,Exclude,Exclude,E2,E2,E2,95,80,95
BTDRKXIX,Exclude,3,100,3,E5,2,3,True,Exclude,Exclude,Exclude,E5,E2,E5,100,100,100
BU33GR2T,Exclude,3,97,3,E2,3,3,True,Exclude,Exclude,Exclude,E2,E2,E2,95,100,95
BW4QESYI,Exclude,3,77,3,E2,3,3,True,Exclude,Exclude,Exclude,E2,E2,E2,30,100,100
BWJ6A4RI,Exclude,3,92,3,E2,3,3,True,Exclude,Exclude,Exclude,E2,E2,E2,95,80,100
BWREZ4WI,Include,3,88,3,,0,3,True,Include,Include,Include,,,,85,80,98
BWWTKE45,Include,2,88,3,,0,3,False,Include,Exclude,Include,,E2,,90,80,95
BXYIDVUB,Exclude,3,92,3,E2,3,3,True,Exclude,Exclude,Exclude,E2,E2,E2,95,80,100
BZK4DUN3,Include,2,92,3,,0,3,False,Include,Exclude,Include,,E2,,100,80,95
BZQK7ZW5,Exclude,3,90,3,E5,2,3,True,Exclude,Exclude,Exclude,E5,E2,E5,90,80,100
C26I8KGU,Exclude,3,97,3,E2,2,3,True,Exclude,Exclude,Exclude,E5,E2,E2,90,100,100
C2LBSW33,Include,2,90,3,,0,3,False,Include,Exclude,Include,,E2,,95,80,95
C3VTI85G,Exclude,3,98,3,E2,3,3,True,Exclude,Exclude,Exclude,E2,E2,E2,95,100,100
C4WR8EDM,Exclude,2,83,3,E2,2,3,False,Exclude,Exclude,Include,E2,E2,,85,80,85
C5VFGT72,Exclude,3,100,3,E2,3,3,True,Exclude,Exclude,Exclude,E2,E2,E2,100,100,100
C5Y3ZL4P,Exclude,3,97,3,E2,3,3,True,Exclude,Exclude,Exclude,E2,E2,E2,95,100,95
C645WB3H,Exclude,3,100,3,E2,2,3,True,Exclude,Exclude,Exclude,E5,E2,E2,100,100,100
C682CYV4,Exclude,2,87,3,E2,2,3,False,Include,Exclude,Exclude,,E2,E2,75,90,95
C6GVPKC5,Exclude,3,100,3,E5,3,3,True,Exclude,Exclude,Exclude,E5,E5,E5,100,100,100
C774P4E5,Exclude,3,92,3,E2,3,3,True,Exclude,Exclude,Exclude,E2,E2,E2,100,80,95
C89WCQU2,Exclude,2,90,3,E2,2,3,False,Include,Exclude,Exclude,,E2,E2,95,80,95
C8ZQU83G,Include,2,88,3,,0,3,False,Include,Exclude,Include,,E2,,85,80,100
C9P5FK3L,Include,2,87,3,,0,3,False,Include,Exclude,Include,,E2,,85,80,95
C9YXCK7I,Exclude,2,92,3,E2,2,3,False,Include,Exclude,Exclude,,E2,E2,95,80,100
CAP5UCY7,Exclude,3,97,3,E2,3,3,True,Exclude,Exclude,Exclude,E2,E2,E2,95,100,95
CBAY7JPB,Exclude,3,90,3,E2,3,3,True,Exclude,Exclude,Exclude,E2,E2,E2,95,80,95
CBNBL63Q,Exclude,3,92,3,E2,3,3,True,Exclude,Exclude,Exclude,E2,E2,E2,100,80,95
CCWXVTGK,Include,2,87,3,,0,3,False,Include,Exclude,Include,,E2,,85,80,95
CDREVBF4,Exclude,3,97,3,E5,3,3,True,Exclude,Exclude,Exclude,E5,E5,E5,90,100,100
CEJQW4KS,Include,3,92,3,,0,3,True,Include,Include,Include,,,,95,80,100
CFCV595B,Exclude,3,100,3,E2,3,3,True,Exclude,Exclude,Exclude,E2,E2,E2,100,100,100
CFFYJTWX,Include,2,90,3,,0,3,False,Include,Exclude,Include,,E2,,95,80,95
CIL9FCMI,Exclude,3,100,3,E5,2,3,True,Exclude,Exclude,Exclude,E5,E2,E5,100,100,100
CIUBEIXD,Include,2,93,3,,0,3,False,Include,Exclude,Include,,E2,,85,100,95
CJ9XKK6D,Exclude,3,98,3,E5,3,3,True,Exclude,Exclude,Exclude,E5,E5,E5,95,100,100
CJEWF5PX,Exclude,3,92,3,E5,2,3,True,Exclude,Exclude,Exclude,E5,E2,E5,100,80,95
CJH7EPQA,Exclude,3,98,3,E2,3,3,True,Exclude,Exclude,Exclude,E2,E2,E2,95,100,100
CJLUS6QH,Exclude,3,100,3,E2,3,3,True,Exclude,Exclude,Exclude,E2,E2,E2,100,100,100
CL74N3ZG,Exclude,3,100,3,E5,3,3,True,Exclude,Exclude,Exclude,E5,E5,E5,100,100,100
CLQ5MBD4,Exclude,2,98,3,,0,3,False,Exclude,Exclude,Include,E5,E2,,100,100,95
CM34JBM9,Exclude,3,93,3,E5,2,3,True,Exclude,Exclude,Exclude,E5,E2,E5,90,100,90
CM4RCI8A,Exclude,2,88,3,E2,2,3,False,Exclude,Exclude,Include,E2,E2,,70,100,95
CNRSWGUL,Include,2,90,3,,0,3,False,Include,Exclude,Include,,E2,,95,80,95
CNUSJ998,Exclude,3,100,3,E5,2,3,True,Exclude,Exclude,Exclude,E5,E2,E5,100,100,100
CQL55MAR,Exclude,2,92,3,,0,3,False,Include,Exclude,Exclude,,E2,E5,100,80,95
CST8ZG2E,Exclude,3,92,3,E2,3,3,True,Exclude,Exclude,Exclude,E2,E2,E2,95,80,100
CSXPJIZ4,Exclude,3,100,3,E2,3,3,True,Exclude,Exclude,Exclude,E2,E2,E2,100,100,100
CTQW45WN,Exclude,2,90,3,E2,2,3,False,Exclude,Exclude,Include,E2,E2,,95,80,95
CUL2V4T8,Exclude,3,100,3,E2,3,3,True,Exclude,Exclude,Exclude,E2,E2,E2,100,100,100
CV3IP956,Include,2,92,3,,0,3,False,Include,Include,Exclude,,,E2,100,80,95
CV74KDA4,Include,3,90,3,,0,3,True,Include,Include,Include,,,,95,80,95
CVI7GDYP,Exclude,3,93,3,E2,3,3,True,Exclude,Exclude,Exclude,E2,E2,E2,100,80,100
CVRDIMI9,Include,2,97,3,,0,3,False,Include,Exclude,Include,,E2,,95,100,95
CVXGVZUI,Exclude,3,98,3,E2,3,3,True,Exclude,Exclude,Exclude,E2,E2,E2,95,100,100
CX65S8FU,Exclude,3,100,3,E2,3,3,True,Exclude,Exclude,Exclude,E2,E2,E2,100,100,100
CXE3GWEL,Exclude,3,100,3,E2,3,3,True,Exclude,Exclude,Exclude,E2,E2,E2,100,100,100
CXE3SFJA,Include,3,88,3,,0,3,True,Include,Include,Include,,,,85,80,98
CXIZ2J6F,Exclude,3,97,3,E2,3,3,True,Exclude,Exclude,Exclude,E2,E2,E2,95,100,95
CXRSEU6N,Exclude,3,100,3,E5,2,3,True,Exclude,Exclude,Exclude,E5,E2,E5,100,100,100
CYIIGCTQ,Exclude,2,95,3,E2,2,3,False,Include,Exclude,Exclude,,E2,E2,85,100,100
CZLUD6TH,Exclude,3,92,3,E2,3,3,True,Exclude,Exclude,Exclude,E2,E2,E2,95,80,100
CZQ5XQR6,Include,3,98,3,,0,3,True,Include,Include,Include,,,,95,100,98
D23KDN49,Exclude,2,93,3,E2,2,3,False,Include,Exclude,Exclude,,E2,E2,100,80,100
D3X2E99S,Exclude,3,92,3,E2,3,3,True,Exclude,Exclude,Exclude,E2,E2,E2,95,80,100
D5HBT46P,Exclude,3,93,3,E2,3,3,True,Exclude,Exclude,Exclude,E2,E2,E2,100,80,100
D74KJVMW,Exclude,2,90,3,E2,2,3,False,Exclude,Exclude,Include,E2,E2,,95,80,95
D9FCEMTG,Exclude,3,90,3,E2,3,3,True,Exclude,Exclude,Exclude,E2,E2,E2,95,80,95
DA4GM56Q,Exclude,3,60,3,E5,2,3,True,Exclude,Exclude,Exclude,E5,E2,E5,0,80,100
DAC7SKX8,Exclude,3,92,3,E2,3,3,True,Exclude,Exclude,Exclude,E2,E2,E2,95,80,100
DDELQPXZ,Exclude,3,100,3,E2,3,3,True,Exclude,Exclude,Exclude,E2,E2,E2,100,100,100
DDIBMX4W,Exclude,3,90,3,E2,3,3,True,Exclude,Exclude,Exclude,E2,E2,E2,95,80,95
DDLX7P83,Exclude,3,97,3,E5,2,3,True,Exclude,Exclude,Exclude,E5,E2,E5,90,100,100
DDWX6BYX,Include,3,95,3,,0,3,True,Include,Include,Include,,,,95,90,100
DE7GIHKT,Exclude,3,98,3,E2,3,3,True,Exclude,Exclude,Exclude,E2,E2,E2,95,100,100
DFDZS483,Include,2,92,3,,0,3,False,Include,Exclude,Include,,E2,,100,80,95
DGQYGLNK,Exclude,3,100,3,E2,3,3,True,Exclude,Exclude,Exclude,E2,E2,E2,100,100,100
DI5G7J8Q,Exclude,2,93,3,E2,2,3,False,Include,Exclude,Exclude,,E2,E2,100,80,100
DI9LQHSQ,Exclude,3,98,3,E2,3,3,True,Exclude,Exclude,Exclude,E2,E2,E2,95,100,100
DIY99Z3U,Exclude,3,90,3,E5,2,3,True,Exclude,Exclude,Exclude,E5,E2,E5,100,80,90
DJ8SLUN9,Exclude,3,97,3,E5,2,3,True,Exclude,Exclude,Exclude,E5,E2,E5,90,100,100
DLJUCY3E,Exclude,3,93,3,E5,2,3,True,Exclude,Exclude,Exclude,E5,E2,E5,100,80,100
DMRQ8L7R,Include,3,90,3,,0,3,True,Include,Include,Include,,,,95,80,95
DNJ76RXD,Exclude,3,93,3,E5,2,3,True,Exclude,Exclude,Exclude,E5,E2,E5,90,100,90
DNW84WAN,Exclude,3,100,3,E2,3,3,True,Exclude,Exclude,Exclude,E2,E2,E2,100,100,100
DPJ9ZFEG,Include,3,97,3,,0,3,True,Include,Include,Include,,,,95,100,95
DQMRK7RC,Exclude,3,93,3,E2,3,3,True,Exclude,Exclude,Exclude,E2,E2,E2,100,80,100
DTX8B3RR,Include,2,90,3,,0,3,False,Include,Exclude,Include,,E2,,95,80,95
DVRRKREG,Include,3,92,3,,0,3,True,Include,Include,Include,,,,98,80,98
E3NTV2BH,Include,3,95,3,,0,3,True,Include,Include,Include,,,,95,90,100
E4KB6KD5,Include,2,97,3,,0,3,False,Include,Exclude,Include,,E2,,95,100,95
E7RBAPXM,Exclude,3,100,3,E2,2,3,True,Exclude,Exclude,Exclude,E2,E2,E5,100,100,100
E9GXAAAG,Exclude,3,97,3,E2,3,3,True,Exclude,Exclude,Exclude,E2,E2,E2,95,100,95
EBNKTQUZ,Exclude,3,97,3,E2,2,3,True,Exclude,Exclude,Exclude,E5,E2,E2,90,100,100
EBZG8I64,Exclude,3,98,3,E2,3,3,True,Exclude,Exclude,Exclude,E2,E2,E2,95,100,100
EC2TUTUX,Exclude,3,100,3,E2,3,3,True,Exclude,Exclude,Exclude,E2,E2,E2,100,100,100
ECDMAMDF,Exclude,3,73,3,E2,2,3,True,Exclude,Exclude,Exclude,E5,E2,E2,20,100,100
ECNJRHQL,Include,3,90,3,,0,3,True,Include,Include,Include,,,,95,80,95
EDQ6USZQ,Exclude,2,90,3,E2,2,3,False,Include,Exclude,Exclude,,E2,E2,100,80,90
EJHWIXBV,Exclude,3,100,3,E5,3,3,True,Exclude,Exclude,Exclude,E5,E5,E5,100,100,100
EJIL3HXT,Exclude,3,100,3,E5,2,3,True,Exclude,Exclude,Exclude,E5,E2,E5,100,100,100
EJMPPEVT,Exclude,3,100,3,E5,2,3,True,Exclude,Exclude,Exclude,E5,E2,E5,100,100,100
EKNC8YUK,Exclude,2,98,3,E2,2,3,False,Exclude,Include,Exclude,E2,,E2,95,100,100
ELLSEHQ3,Exclude,3,100,3,E2,3,3,True,Exclude,Exclude,Exclude,E2,E2,E2,100,100,100
EP6L2QPG,Exclude,3,97,3,E5,2,3,True,Exclude,Exclude,Exclude,E5,E2,E5,90,100,100
EPND8XRG,Exclude,3,98,3,E2,3,3,True,Exclude,Exclude,Exclude,E2,E2,E2,95,100,100
ERIDEXL9,Exclude,3,93,3,E2,3,3,True,Exclude,Exclude,Exclude,E2,E2,E2,100,80,100
ETGXEBYM,Include,3,90,3,,0,3,True,Include,Include,Include,,,,95,80,95
ETN7WE5L,Exclude,3,97,3,E5,3,3,True,Exclude,Exclude,Exclude,E5,E5,E5,90,100,100
EVRRST6T,Exclude,2,90,3,E2,2,3,False,Include,Exclude,Exclude,,E2,E2,95,80,95
EWSX2FX3,Include,3,91,3,,0,3,True,Include,Include,Include,,,,95,80,98
EWXA67JA,Exclude,3,98,3,E2,3,3,True,Exclude,Exclude,Exclude,E2,E2,E2,95,100,100
EZ867NNV,Exclude,3,97,3,E5,3,3,True,Exclude,Exclude,Exclude,E5,E5,E5,90,100,100
EZEV7YBG,Exclude,3,100,3,E5,2,3,True,Exclude,Exclude,Exclude,E5,E2,E5,100,100,100
EZGJTZFU,Exclude,3,98,3,E2,3,3,True,Exclude,Exclude,Exclude,E2,E2,E2,95,100,100
EZJQ4MK9,Exclude,3,100,3,E2,3,3,True,Exclude,Exclude,Exclude,E2,E2,E2,100,100,100
EZM2MP9K,Exclude,3,98,3,E2,3,3,True,Exclude,Exclude,Exclude,E2,E2,E2,95,100,100
F22YC5TG,Exclude,3,97,3,E5,3,3,True,Exclude,Exclude,Exclude,E5,E5,E5,90,100,100
F32ZQXYI,Exclude,3,98,3,E2,3,3,True,Exclude,Exclude,Exclude,E2,E2,E2,95,100,100
F3J5WX5R,Exclude,3,95,3,E2,3,3,True,Exclude,Exclude,Exclude,E2,E2,E2,90,100,95
F3MJ38BP,Exclude,3,100,3,E2,3,3,True,Exclude,Exclude,Exclude,E2,E2,E2,100,100,100
F4JTSMSZ,Include,2,90,3,,0,3,False,Include,Exclude,Include,,E2,,95,80,95
F5L8QXC2,Exclude,3,100,3,E5,2,3,True,Exclude,Exclude,Exclude,E5,E2,E5,100,100,100
F5NKKBTR,Exclude,3,100,3,E5,3,3,True,Exclude,Exclude,Exclude,E5,E5,E5,100,100,100
F6EHSW4S,Include,3,95,3,,0,3,True,Include,Include,Include,,,,85,100,100
F7IKEK3D,Include,3,93,3,,0,3,True,Include,Include,Include,,,,85,100,95
F7IXZZYV,Exclude,3,100,3,E2,3,3,True,Exclude,Exclude,Exclude,E2,E2,E2,100,100,100
F97WQG9V,Exclude,2,98,3,E2,2,3,False,Include,Exclude,Exclude,,E2,E2,100,100,95
F98R4UDL,Exclude,2,98,3,E2,2,3,False,Include,Exclude,Exclude,,E2,E2,100,100,95
F9JCUCK8,Include,2,82,3,,0,3,False,Include,Exclude,Include,,E2,,70,80,95
FAUF3ZGI,Exclude,3,100,3,E2,3,3,True,Exclude,Exclude,Exclude,E2,E2,E2,100,100,100
FBJTPYFX,Exclude,3,100,3,E5,2,3,True,Exclude,Exclude,Exclude,E5,E2,E5,100,100,100
FBM6CCWT,Exclude,3,100,3,E2,3,3,True,Exclude,Exclude,Exclude,E2,E2,E2,100,100,100
FBSDXDMI,Exclude,2,98,3,E2,2,3,False,Include,Exclude,Exclude,,E2,E2,100,100,95
FD9IS8P3,Include,2,88,3,,0,3,False,Include,Exclude,Include,,E2,,90,80,95
FDJYNIS6,Exclude,3,100,3,E5,2,3,True,Exclude,Exclude,Exclude,E5,E2,E5,100,100,100
FDM4UN43,Exclude,3,100,3,E5,3,3,True,Exclude,Exclude,Exclude,E5,E5,E5,100,100,100
FEWH39IU,Exclude,3,98,3,E2,3,3,True,Exclude,Exclude,Exclude,E2,E2,E2,95,100,100
FFHW3ZC8,Include,3,87,3,,0,3,True,Include,Include,Include,,,,85,80,95
FGK5V96K,Exclude,3,97,3,E2,3,3,True,Exclude,Exclude,Exclude,E2,E2,E2,95,100,95
FHI3GH9V,Exclude,3,100,3,E2,3,3,True,Exclude,Exclude,Exclude,E2,E2,E2,100,100,100
FHZM93VG,Include,2,87,3,,0,3,False,Include,Exclude,Include,,E2,,90,80,90
FI3NCUVI,Exclude,2,93,3,E2,2,3,False,Exclude,Exclude,Include,E2,E2,,85,100,95
FIF9H8JX,Include,3,90,3,,0,3,True,Include,Include,Include,,,,95,80,95
FIWX2FFP,Include,3,91,3,,0,3,True,Include,Include,Include,,,,95,80,98
FJDUUHBC,Exclude,2,91,3,,0,3,False,Include,Exclude,Exclude,,E2,E5,92,80,100
FK3EEP5Z,Exclude,3,98,3,E2,3,3,True,Exclude,Exclude,Exclude,E2,E2,E2,95,100,100
FK6W54PZ,Include,3,92,3,,0,3,True,Include,Include,Include,,,,95,80,100
FLII8GGU,Exclude,3,100,3,E2,3,3,True,Exclude,Exclude,Exclude,E2,E2,E2,100,100,100
FLJJAH7F,Exclude,3,88,3,E2,3,3,True,Exclude,Exclude,Exclude,E2,E2,E2,90,80,95
FLK9M3F2,Exclude,3,100,3,E5,2,3,True,Exclude,Exclude,Exclude,E5,E2,E5,100,100,100
FNIXHCUJ,Exclude,3,97,3,E2,2,3,True,Exclude,Exclude,Exclude,E5,E2,E2,90,100,100
FR7JVFRY,Exclude,3,100,3,E2,2,3,True,Exclude,Exclude,Exclude,E5,E2,E2,100,100,100
FS9H9IEM,Exclude,3,87,3,E2,3,3,True,Exclude,Exclude,Exclude,E2,E2,E2,90,80,90
FSYCUC88,Exclude,3,93,3,E5,2,3,True,Exclude,Exclude,Exclude,E5,E2,E5,100,80,100
FTBI4JEQ,Exclude,3,100,3,E2,3,3,True,Exclude,Exclude,Exclude,E2,E2,E2,100,100,100
FUBK8GZX,Include,3,88,3,,0,3,True,Include,Include,Include,,,,85,80,100
FW7MHR56,Exclude,3,98,3,E2,3,3,True,Exclude,Exclude,Exclude,E2,E2,E2,95,100,100
FW9DKSUZ,Exclude,3,97,3,E5,2,3,True,Exclude,Exclude,Exclude,E5,E2,E5,90,100,100
FWKK3XH8,Exclude,2,92,3,E2,2,3,False,Exclude,Exclude,Include,E2,E2,,100,80,95
FZ8V2P9I,Exclude,3,63,3,,0,3,True,Exclude,Exclude,Exclude,,E2,E5,0,100,90
G4CX7MTQ,Exclude,3,100,3,E2,2,3,True,Exclude,Exclude,Exclude,E5,E2,E2,100,100,100
G666DGSV,Exclude,2,92,3,E2,2,3,False,Exclude,Include,Exclude,E2,,E2,95,80,100
G7ZANKQP,Exclude,3,77,3,E2,3,3,True,Exclude,Exclude,Exclude,E2,E2,E2,50,80,100
G828EAUK,Include,3,92,3,,0,3,True,Include,Include,Include,,,,98,80,98
GAT9U2NK,Exclude,3,100,3,E2,3,3,True,Exclude,Exclude,Exclude,E2,E2,E2,100,100,100
GAWJVPLC,Include,2,90,3,,0,3,False,Include,Exclude,Include,,E2,,95,80,95
GDUBCSQP,Exclude,3,100,3,E2,3,3,True,Exclude,Exclude,Exclude,E2,E2,E2,100,100,100
GEXTSJ77,Include,3,90,3,,0,3,True,Include,Include,Include,,,,95,80,95
GFN5DWA5,Exclude,2,93,3,E2,2,3,False,Include,Exclude,Exclude,,E2,E2,100,80,100
GFS27NCA,Exclude,3,100,3,E5,2,3,True,Exclude,Exclude,Exclude,E5,E2,E5,100,100,100
GGKH9A6A,Include,2,87,3,,0,3,False,Include,Exclude,Include,,E2,,85,80,95
GGYB5WA8,Exclude,3,98,3,E5,3,3,True,Exclude,Exclude,Exclude,E5,E5,E5,95,100,100
GIQA3HI5,Exclude,3,98,3,E2,3,3,True,Exclude,Exclude,Exclude,E2,E2,E2,95,100,100
GKSXDIVQ,Exclude,3,98,3,E2,3,3,True,Exclude,Exclude,Exclude,E2,E2,E2,95,100,100
GL6WJ487,Exclude,3,98,3,E2,3,3,True,Exclude,Exclude,Exclude,E2,E2,E2,95,100,100
GMP8J7HZ,Include,2,87,3,,0,3,False,Include,Exclude,Include,,E2,,85,80,95
GNENII8F,Exclude,3,92,3,E2,3,3,True,Exclude,Exclude,Exclude,E2,E2,E2,95,80,100
GNGZYR69,Exclude,3,95,3,E2,2,3,True,Exclude,Exclude,Exclude,E5,E2,E2,90,100,95
GPBVRDH8,Include,2,90,3,,0,3,False,Include,Exclude,Include,,E2,,95,80,95
GQTLW2XQ,Exclude,3,97,3,E5,2,3,True,Exclude,Exclude,Exclude,E5,E2,E5,90,100,100
GR5QQKEA,Include,3,90,3,,0,3,True,Include,Include,Include,,,,95,80,95
GSWJFGTG,Include,2,92,3,,0,3,False,Exclude,Include,Include,E2,,,100,80,95
GT3SUZH9,Exclude,3,92,3,E2,3,3,True,Exclude,Exclude,Exclude,E2,E2,E2,95,80,100
GTQ8F2VZ,Include,3,99,3,,0,3,True,Include,Include,Include,,,,100,100,98
GU3X84ST,Exclude,3,97,3,E2,3,3,True,Exclude,Exclude,Exclude,E2,E2,E2,95,100,95
GU5S5NQV,Include,2,87,3,,0,3,False,Include,Exclude,Include,,E2,,85,80,95
GV9DZJRG,Exclude,2,97,3,E2,2,3,False,Exclude,Exclude,Include,E2,E2,,95,100,95
GZY2KYNC,Exclude,3,98,3,E2,3,3,True,Exclude,Exclude,Exclude,E2,E2,E2,100,100,95
H2R6E3NT,Exclude,3,100,3,E2,2,3,True,Exclude,Exclude,Exclude,E5,E2,E2,100,100,100
H3MLN7IH,Exclude,3,97,3,E2,2,3,True,Exclude,Exclude,Exclude,E5,E2,E2,90,100,100
H53QZLK4,Exclude,3,100,3,E2,3,3,True,Exclude,Exclude,Exclude,E2,E2,E2,100,100,100
H6MFACB5,Include,2,93,3,,0,3,False,Include,Exclude,Include,,E2,,95,90,95
H76DWP8Y,Exclude,2,90,3,E2,2,3,False,Exclude,Exclude,Include,E2,E2,,95,80,95
H7LDCEMN,Exclude,3,100,3,E5,2,3,True,Exclude,Exclude,Exclude,E5,E2,E5,100,100,100
H8GVYFYR,Exclude,3,92,3,E2,3,3,True,Exclude,Exclude,Exclude,E2,E2,E2,95,80,100
H8X7K546,Include,2,90,3,,0,3,False,Include,Exclude,Include,,E2,,95,80,95
H956N2FH,Include,3,91,3,,0,3,True,Include,Include,Include,,,,95,80,98
HD95EUQF,Exclude,3,100,3,E2,3,3,True,Exclude,Exclude,Exclude,E2,E2,E2,100,100,100
HDNMSFYZ,Exclude,3,90,3,E2,3,3,True,Exclude,Exclude,Exclude,E2,E2,E2,95,80,95
HDRSQTJV,Exclude,3,100,3,E5,2,3,True,Exclude,Exclude,Exclude,E5,E2,E5,100,100,100
HEEH45S4,Exclude,3,100,3,E2,3,3,True,Exclude,Exclude,Exclude,E2,E2,E2,100,100,100
HEEIEIT8,Exclude,3,100,3,E2,3,3,True,Exclude,Exclude,Exclude,E2,E2,E2,100,100,100
HG8YCHZV,Exclude,3,100,3,E2,3,3,True,Exclude,Exclude,Exclude,E2,E2,E2,100,100,100
HGPGY6VG,Exclude,3,100,3,E5,2,3,True,Exclude,Exclude,Exclude,E5,E2,E5,100,100,100
HGSTXVKY,Exclude,2,73,3,,0,3,False,Include,Exclude,Exclude,,E2,E5,50,80,90
HGV4NLIS,Include,2,90,3,,0,3,False,Include,Exclude,Include,,E2,,95,80,95
HHQ8RFGB,Exclude,3,100,3,E5,2,3,True,Exclude,Exclude,Exclude,E5,E2,E5,100,100,100
HHSY2J2D,Exclude,3,100,3,E2,3,3,True,Exclude,Exclude,Exclude,E2,E2,E2,100,100,100
HK3HSP9X,Exclude,3,100,3,E2,3,3,True,Exclude,Exclude,Exclude,E2,E2,E2,100,100,100
HKIPAWRM,Exclude,2,97,3,E2,2,3,False,Include,Exclude,Exclude,,E2,E2,95,100,95
HL2YXVYA,Exclude,3,100,3,E5,2,3,True,Exclude,Exclude,Exclude,E5,E2,E5,100,100,100
HLNSZCF2,Include,2,90,3,,0,3,False,Include,Exclude,Include,,E2,,95,80,95
HMD98WQH,Exclude,3,98,3,E2,3,3,True,Exclude,Exclude,Exclude,E2,E2,E2,95,100,100
HT2ZC4QD,Exclude,3,98,3,E2,3,3,True,Exclude,Exclude,Exclude,E2,E2,E2,95,100,100
HU3BE2Y3,Include,2,85,3,,0,3,False,Include,Exclude,Include,,E2,,80,80,95
HUWVWD9U,Exclude,3,100,3,E2,3,3,True,Exclude,Exclude,Exclude,E2,E2,E2,100,100,100
HV5QDV83,Include,2,90,3,,0,3,False,Include,Exclude,Include,,E2,,95,80,95
HYBABXFX,Exclude,3,97,3,E2,3,3,True,Exclude,Exclude,Exclude,E2,E2,E2,95,100,95
HYQCL7T2,Exclude,3,98,3,E2,3,3,True,Exclude,Exclude,Exclude,E2,E2,E2,95,100,100
HZ2BMK5N,Include,3,97,3,,0,3,True,Include,Include,Include,,,,95,100,95
I2M639QL,Exclude,3,97,3,E2,2,3,True,Exclude,Exclude,Exclude,E5,E2,E2,90,100,100
I3L947ZH,Exclude,3,90,3,E2,3,3,True,Exclude,Exclude,Exclude,E2,E2,E2,95,80,95
I48ESCK2,Exclude,3,97,3,E5,2,3,True,Exclude,Exclude,Exclude,E5,E2,E5,95,100,95
I4EFXCNK,Exclude,3,97,3,E5,3,3,True,Exclude,Exclude,Exclude,E5,E5,E5,90,100,100
I4NF7PI9,Exclude,2,100,3,E2,2,3,False,Include,Exclude,Exclude,,E2,E2,100,100,100
I5WFUY78,Exclude,3,93,3,E2,3,3,True,Exclude,Exclude,Exclude,E2,E2,E2,100,80,100
I65Y8VFE,Exclude,3,98,3,E2,3,3,True,Exclude,Exclude,Exclude,E2,E2,E2,95,100,100
I7XTHAJZ,Exclude,3,98,3,E2,3,3,True,Exclude,Exclude,Exclude,E2,E2,E2,95,100,100
I8BGWAS8,Exclude,3,100,3,E5,2,3,True,Exclude,Exclude,Exclude,E5,E2,E5,100,100,100
I8NPMHLK,Include,2,93,3,,0,3,False,Include,Exclude,Include,,E2,,90,100,90
I8Z29AD3,Exclude,3,97,3,E5,2,3,True,Exclude,Exclude,Exclude,E5,E2,E5,90,100,100
I9G65VGY,Exclude,3,100,3,E2,3,3,True,Exclude,Exclude,Exclude,E2,E2,E2,100,100,100
I9ZYTR9E,Exclude,3,90,3,E5,2,3,True,Exclude,Exclude,Exclude,E5,E2,E5,90,80,100
IBBQEJTE,Exclude,3,98,3,E2,3,3,True,Exclude,Exclude,Exclude,E2,E2,E2,95,100,100
IBGMFVXC,Exclude,3,88,3,E2,3,3,True,Exclude,Exclude,Exclude,E2,E2,E2,85,80,100
ICVQU7TE,Include,2,92,3,,0,3,False,Include,Exclude,Include,,E2,,80,100,95
IDAPDDE9,Include,2,90,3,,0,3,False,Include,Exclude,Include,,E2,,95,80,95
IDZ8KYDI,Exclude,3,100,3,E2,3,3,True,Exclude,Exclude,Exclude,E2,E2,E2,100,100,100
IF3N7JX8,Exclude,3,100,3,E2,2,3,True,Exclude,Exclude,Exclude,E5,E2,E2,100,100,100
IGPHK9A6,Exclude,3,98,3,E2,3,3,True,Exclude,Exclude,Exclude,E2,E2,E2,95,100,100
IHA89E4L,Exclude,3,97,3,E5,3,3,True,Exclude,Exclude,Exclude,E5,E5,E5,90,100,100
IHBJNJF6,Exclude,3,95,3,E2,3,3,True,Exclude,Exclude,Exclude,E2,E2,E2,85,100,100
IHCLF3TR,Exclude,2,96,3,E2,2,3,False,Exclude,Exclude,Include,E2,E2,,98,100,90
IHS4ZSM6,Exclude,3,97,3,E2,2,3,True,Exclude,Exclude,Exclude,E2,E2,E5,95,100,95
IIJ67ABM,Exclude,3,98,3,E2,3,3,True,Exclude,Exclude,Exclude,E2,E2,E2,95,100,100
IIL2X3FG,Exclude,3,97,3,E5,2,3,True,Exclude,Exclude,Exclude,E5,E2,E5,90,100,100
IJ7IRC3K,Exclude,3,100,3,E5,2,3,True,Exclude,Exclude,Exclude,E5,E2,E5,100,100,100
IKEN246V,Exclude,2,90,3,E2,2,3,False,Exclude,Exclude,Include,E2,E2,,100,80,90
IM8EX3YS,Exclude,3,100,3,E5,2,3,True,Exclude,Exclude,Exclude,E5,E2,E5,100,100,100
IM9AYN8D,Exclude,3,83,3,E2,3,3,True,Exclude,Exclude,Exclude,E2,E2,E2,50,100,100
IMYD3ZAN,Exclude,2,90,3,,0,3,False,Include,Exclude,Exclude,,E2,E5,100,80,90
IN3WUHRW,Exclude,3,100,3,E2,3,3,True,Exclude,Exclude,Exclude,E2,E2,E2,100,100,100
IQ5WQ4HA,Include,2,92,3,,0,3,False,Include,Exclude,Include,,E2,,95,80,100
IQ8TQEZL,Include,3,90,3,,0,3,True,Include,Include,Include,,,,95,80,95
IRZ2RWLE,Exclude,3,100,3,E2,2,3,True,Exclude,Exclude,Exclude,E5,E2,E2,100,100,100
IS9VSID7,Include,2,90,3,,0,3,False,Include,Exclude,Include,,E2,,95,80,95
ISMAEYHE,Exclude,2,90,3,E2,2,3,False,Exclude,Exclude,Include,E2,E2,,95,80,95
ITKK4K3D,Exclude,2,97,3,E2,2,3,False,Exclude,Exclude,Include,E2,E2,,95,100,95
IV8DMPMK,Exclude,3,93,3,E5,2,3,True,Exclude,Exclude,Exclude,E5,E2,E5,100,80,100
IW7JP29H,Exclude,3,90,3,E2,3,3,True,Exclude,Exclude,Exclude,E2,E2,E2,95,80,95
IWLMJL99,Exclude,3,98,3,E2,3,3,True,Exclude,Exclude,Exclude,E2,E2,E2,95,100,100
IX2CCC4T,Exclude,3,98,3,E2,3,3,True,Exclude,Exclude,Exclude,E2,E2,E2,95,100,100
IY5XI9RZ,Exclude,2,87,3,E2,2,3,False,Include,Exclude,Exclude,,E2,E2,85,80,95
J256RTJZ,Exclude,3,97,3,E2,3,3,True,Exclude,Exclude,Exclude,E2,E2,E2,90,100,100
J2JTR9MZ,Exclude,3,100,3,E2,3,3,True,Exclude,Exclude,Exclude,E2,E2,E2,100,100,100
J5DJLIBG,Exclude,3,87,3,E2,3,3,True,Exclude,Exclude,Exclude,E2,E2,E2,90,80,90
J6JNWEML,Exclude,3,93,3,E2,3,3,True,Exclude,Exclude,Exclude,E2,E2,E2,100,80,100
J7NJBQYZ,Exclude,3,98,3,E2,3,3,True,Exclude,Exclude,Exclude,E2,E2,E2,95,100,100
J7W999MA,Exclude,3,100,3,E5,3,3,True,Exclude,Exclude,Exclude,E5,E5,E5,100,100,100
J858G963,Exclude,3,93,3,E2,3,3,True,Exclude,Exclude,Exclude,E2,E2,E2,90,100,90
JACVPG4N,Exclude,3,97,3,E5,3,3,True,Exclude,Exclude,Exclude,E5,E5,E5,90,100,100
JAH9FDF4,Exclude,3,97,3,E2,3,3,True,Exclude,Exclude,Exclude,E2,E2,E2,95,100,95
JANBBKR3,Exclude,3,100,3,E2,3,3,True,Exclude,Exclude,Exclude,E2,E2,E2,100,100,100
JDAIEZGM,Exclude,3,100,3,E2,3,3,True,Exclude,Exclude,Exclude,E2,E2,E2,100,100,100
JE426BL2,Exclude,3,97,3,E2,2,3,True,Exclude,Exclude,Exclude,E5,E2,E2,90,100,100
JFQPQGI4,Exclude,3,90,3,E2,3,3,True,Exclude,Exclude,Exclude,E2,E2,E2,95,80,95
JGTBTP7X,Exclude,3,97,3,E5,2,3,True,Exclude,Exclude,Exclude,E5,E2,E5,90,100,100
JHE2X293,Exclude,3,98,3,E2,3,3,True,Exclude,Exclude,Exclude,E2,E2,E2,95,100,100
JI93EMYV,Exclude,3,98,3,E2,3,3,True,Exclude,Exclude,Exclude,E2,E2,E2,95,100,100
JIBK53T3,Exclude,3,98,3,E2,3,3,True,Exclude,Exclude,Exclude,E2,E2,E2,95,100,100
JJI9D242,Exclude,3,100,3,E2,3,3,True,Exclude,Exclude,Exclude,E2,E2,E2,100,100,100
JJSNYA6A,Exclude,3,97,3,E5,2,3,True,Exclude,Exclude,Exclude,E5,E2,E5,90,100,100
JMGJCJKV,Exclude,3,92,3,E2,3,3,True,Exclude,Exclude,Exclude,E2,E2,E2,95,80,100
JMKPAV34,Include,3,90,3,,0,3,True,Include,Include,Include,,,,95,80,95
JPAFWCED,Exclude,3,100,3,E5,2,3,True,Exclude,Exclude,Exclude,E5,E2,E5,100,100,100
JRJAFGA7,Exclude,3,98,3,E2,3,3,True,Exclude,Exclude,Exclude,E2,E2,E2,95,100,100
JSXCMBQ8,Exclude,3,98,3,E2,3,3,True,Exclude,Exclude,Exclude,E2,E2,E2,95,100,100
JVCX8AMU,Include,3,90,3,,0,3,True,Include,Include,Include,,,,95,80,95
JVL4XZIN,Exclude,3,92,3,E2,3,3,True,Exclude,Exclude,Exclude,E2,E2,E2,95,80,100
JWSYF32T,Exclude,3,97,3,E5,2,3,True,Exclude,Exclude,Exclude,E5,E2,E5,90,100,100
JX2RFI9K,Exclude,3,98,3,E2,3,3,True,Exclude,Exclude,Exclude,E2,E2,E2,95,100,100
JXAUNHL8,Exclude,3,90,3,E2,3,3,True,Exclude,Exclude,Exclude,E2,E2,E2,95,80,95
JXNQXSW8,Exclude,3,100,3,E2,2,3,True,Exclude,Exclude,Exclude,E2,E2,E5,100,100,100
JXP85HJJ,Exclude,3,98,3,E2,3,3,True,Exclude,Exclude,Exclude,E2,E2,E2,95,100,100
JYX5HVNE,Include,3,87,3,,0,3,True,Include,Include,Include,,,,85,80,95
JZ2LZYXS,Exclude,3,98,3,E2,3,3,True,Exclude,Exclude,Exclude,E2,E2,E2,95,100,100
JZTSGQIH,Exclude,3,97,3,E5,2,3,True,Exclude,Exclude,Exclude,E5,E2,E5,90,100,100
K2L6JC8P,Include,2,87,3,,0,3,False,Include,Exclude,Include,,E2,,85,80,95
K4TP4AR3,Include,3,92,3,,0,3,True,Include,Include,Include,,,,95,80,100
K5MV8AYM,Exclude,3,100,3,E2,3,3,True,Exclude,Exclude,Exclude,E2,E2,E2,100,100,100
K7B764R4,Exclude,3,100,3,E2,3,3,True,Exclude,Exclude,Exclude,E2,E2,E2,100,100,100
K8224HQ4,Exclude,2,90,3,E2,2,3,False,Include,Exclude,Exclude,,E2,E2,95,80,95
KA5WNPVJ,Exclude,3,98,3,E5,2,3,True,Exclude,Exclude,Exclude,E5,E2,E5,98,100,95
KBLK6WLE,Exclude,3,97,3,E2,2,3,True,Exclude,Exclude,Exclude,E5,E2,E2,90,100,100
KCSYKKR2,Include,2,92,3,,0,3,False,Include,Exclude,Include,,E2,,100,80,95
KFD9PL8Q,Exclude,3,98,3,E2,3,3,True,Exclude,Exclude,Exclude,E2,E2,E2,95,100,100
KFS4QA6S,Exclude,3,98,3,E2,3,3,True,Exclude,Exclude,Exclude,E2,E2,E2,95,100,100
KGJNY25U,Exclude,3,67,3,E2,3,3,True,Exclude,Exclude,Exclude,E2,E2,E2,0,100,100
KHC3SWUI,Exclude,2,100,3,E2,2,3,False,Include,Exclude,Exclude,,E2,E2,100,100,100
KJBIIXUQ,Exclude,3,100,3,E5,2,3,True,Exclude,Exclude,Exclude,E5,E2,E5,100,100,100
KJJXW9L9,Exclude,3,93,3,E5,3,3,True,Exclude,Exclude,Exclude,E5,E5,E5,100,80,100
KKKWCN4P,Exclude,3,100,3,E2,3,3,True,Exclude,Exclude,Exclude,E2,E2,E2,100,100,100
KMYRAFP6,Exclude,3,100,3,E2,2,3,True,Exclude,Exclude,Exclude,E5,E2,E2,100,100,100
KNG9QAKH,Exclude,3,100,3,E2,3,3,True,Exclude,Exclude,Exclude,E2,E2,E2,100,100,100
KNQ7H2TB,Exclude,3,100,3,E5,2,3,True,Exclude,Exclude,Exclude,E5,E2,E5,100,100,100
KP8GILKD,Exclude,3,100,3,E5,2,3,True,Exclude,Exclude,Exclude,E5,E2,E5,100,100,100
KPZGRUWM,Exclude,2,95,3,,0,3,False,Include,Exclude,Exclude,,E2,E5,85,100,100
KQ7SDPRP,Exclude,3,96,3,E2,3,3,True,Exclude,Exclude,Exclude,E2,E2,E2,98,90,100
KQE56EP9,Exclude,2,100,3,E2,2,3,False,Exclude,Include,Exclude,E2,,E2,100,100,100
KTEYXQRC,Exclude,2,87,3,E2,2,3,False,Include,Exclude,Exclude,,E2,E2,85,80,95
KV8REWN3,Exclude,3,100,3,E5,2,3,True,Exclude,Exclude,Exclude,E5,E2,E5,100,100,100
KXNLBZUW,Exclude,3,98,3,E2,3,3,True,Exclude,Exclude,Exclude,E2,E2,E2,95,100,100
KY5VYWQK,Exclude,3,98,3,E2,3,3,True,Exclude,Exclude,Exclude,E2,E2,E2,95,100,100
KYTRAX79,Exclude,3,97,3,E2,2,3,True,Exclude,Exclude,Exclude,E5,E2,E2,90,100,100
L3EWHFA2,Include,3,95,3,,0,3,True,Include,Include,Include,,,,95,90,100
L3FD3P4N,Exclude,3,100,3,E2,3,3,True,Exclude,Exclude,Exclude,E2,E2,E2,100,100,100
L4AVS8SL,Exclude,3,100,3,E2,2,3,True,Exclude,Exclude,Exclude,E5,E2,E2,100,100,100
L4PZECUB,Exclude,3,100,3,E5,2,3,True,Exclude,Exclude,Exclude,E5,E2,E5,100,100,100
L6E4YHZD,Exclude,3,97,3,E5,2,3,True,Exclude,Exclude,Exclude,E5,E2,E5,90,100,100
L7JN6S94,Exclude,3,98,3,E2,3,3,True,Exclude,Exclude,Exclude,E2,E2,E2,95,100,100
L7VAH36R,Exclude,3,98,3,E2,3,3,True,Exclude,Exclude,Exclude,E2,E2,E2,95,100,100
L82G8LWD,Exclude,3,100,3,E2,2,3,True,Exclude,Exclude,Exclude,E5,E2,E2,100,100,100
L9BWDJ5G,Exclude,3,98,3,E2,3,3,True,Exclude,Exclude,Exclude,E2,E2,E2,95,100,100
L9X9N9G7,Exclude,3,97,3,E2,2,3,True,Exclude,Exclude,Exclude,E5,E2,E2,90,100,100
LAES66EL,Include,3,90,3,,0,3,True,Include,Include,Include,,,,95,80,95
LALS26YN,Include,3,97,3,,0,3,True,Include,Include,Include,,,,95,100,95
LAPKHCDQ,Exclude,3,100,3,E5,2,3,True,Exclude,Exclude,Exclude,E5,E2,E5,100,100,100
LBLLVA2B,Exclude,3,97,3,E2,2,3,True,Exclude,Exclude,Exclude,E5,E2,E2,90,100,100
LBYVCI65,Exclude,2,94,3,,0,3,False,Include,Exclude,Exclude,,E2,E5,85,100,98
LCXHHPMY,Include,3,88,3,,0,3,True,Include,Include,Include,,,,85,80,100
LD8VWVMS,Include,3,87,3,,0,3,True,Include,Include,Include,,,,85,80,95
LDIFL45I,Exclude,3,97,3,E2,3,3,True,Exclude,Exclude,Exclude,E2,E2,E2,95,100,95
LDN2IEA9,Include,2,90,3,,0,3,False,Include,Exclude,Include,,E2,,95,80,95
LDS5I5JE,Include,2,87,3,,0,3,False,Include,Exclude,Include,,E2,,85,80,95
LDVWU726,Include,2,93,3,,0,3,False,Include,Exclude,Include,,E2,,100,80,98
LEASQ8FC,Include,3,97,3,,0,3,True,Include,Include,Include,,,,100,90,100
LFMCF5FW,Exclude,3,100,3,E2,2,3,True,Exclude,Exclude,Exclude,E5,E2,E2,100,100,100
LKVYAJIX,Exclude,3,98,3,E2,3,3,True,Exclude,Exclude,Exclude,E2,E2,E2,95,100,100
LLVMGWBY,Exclude,3,67,3,E5,2,3,True,Exclude,Exclude,Exclude,E5,E2,E5,0,100,100
LMVWWDU9,Include,3,90,3,,0,3,True,Include,Include,Include,,,,95,80,95
LNT9XW4K,Exclude,3,72,3,E2,2,3,True,Exclude,Exclude,Exclude,E5,E2,E2,20,100,95
LPZTKZUU,Include,3,92,3,,0,3,True,Include,Include,Include,,,,95,80,100
LR3DWNZL,Exclude,3,98,3,E2,3,3,True,Exclude,Exclude,Exclude,E2,E2,E2,95,100,100
LR7BG7ET,Include,2,87,3,,0,3,False,Include,Exclude,Include,,E2,,85,80,95
LRFYPWWP,Exclude,3,100,3,E5,3,3,True,Exclude,Exclude,Exclude,E5,E5,E5,100,100,100
LSJ79APX,Exclude,3,98,3,E2,3,3,True,Exclude,Exclude,Exclude,E2,E2,E2,95,100,100
LT4HG282,Exclude,3,90,3,E5,2,3,True,Exclude,Exclude,Exclude,E5,E2,E5,90,80,100
LUMLN9V5,Exclude,2,93,3,E2,2,3,False,Include,Exclude,Exclude,,E2,E2,100,80,100
LUMV28VD,Exclude,3,97,3,E2,3,3,True,Exclude,Exclude,Exclude,E2,E2,E2,95,100,95
LVB8SGCY,Exclude,3,93,3,E5,3,3,True,Exclude,Exclude,Exclude,E5,E5,E5,100,80,100
LW6NIFR2,Exclude,3,100,3,E2,3,3,True,Exclude,Exclude,Exclude,E2,E2,E2,100,100,100
LX8PIA3H,Exclude,3,98,3,E2,3,3,True,Exclude,Exclude,Exclude,E2,E2,E2,95,100,100
M27C2PDQ,Include,3,90,3,,0,3,True,Include,Include,Include,,,,95,80,95
M2C2J24C,Exclude,3,98,3,E2,3,3,True,Exclude,Exclude,Exclude,E2,E2,E2,95,100,100
M2QUFEEW,Exclude,3,97,3,E5,3,3,True,Exclude,Exclude,Exclude,E5,E5,E5,90,100,100
M4FX3CAV,Exclude,3,98,3,E2,3,3,True,Exclude,Exclude,Exclude,E2,E2,E2,95,100,100
M5JZ8JLU,Exclude,3,97,3,E5,2,3,True,Exclude,Exclude,Exclude,E5,E2,E5,90,100,100
M5RAYWMD,Exclude,2,88,3,E2,2,3,False,Exclude,Exclude,Include,E2,E2,,95,80,90
M6EDK3ZM,Exclude,2,92,3,E2,2,3,False,Include,Exclude,Exclude,,E2,E2,100,80,95
M7IFHIDX,Exclude,3,100,3,E5,3,3,True,Exclude,Exclude,Exclude,E5,E5,E5,100,100,100
M7L2ZL3H,Exclude,3,97,3,E2,2,3,True,Exclude,Exclude,Exclude,E5,E2,E2,90,100,100
M9CW2CQI,Include,3,90,3,,0,3,True,Include,Include,Include,,,,95,80,95
MA95VWAA,Include,2,90,3,,0,3,False,Include,Exclude,Include,,E2,,95,80,95
MAIWMJBD,Include,3,90,3,,0,3,True,Include,Include,Include,,,,95,80,95
MBDIUVPA,Exclude,3,100,3,E5,3,3,True,Exclude,Exclude,Exclude,E5,E5,E5,100,100,100
MC2IMSHZ,Exclude,3,100,3,E5,2,3,True,Exclude,Exclude,Exclude,E5,E2,E5,100,100,100
MCGZY3UQ,Exclude,3,100,3,E2,3,3,True,Exclude,Exclude,Exclude,E2,E2,E2,100,100,100
MCQNE5TP,Exclude,3,92,3,E2,3,3,True,Exclude,Exclude,Exclude,E2,E2,E2,100,80,95
MDZZWX6Z,Include,2,87,3,,0,3,False,Include,Exclude,Include,,E2,,85,80,95
MES45PWI,Exclude,3,100,3,E5,2,3,True,Exclude,Exclude,Exclude,E5,E2,E5,100,100,100
MH382U2B,Exclude,3,97,3,E5,3,3,True,Exclude,Exclude,Exclude,E5,E5,E5,90,100,100
MHI5LAMT,Exclude,3,100,3,E2,3,3,True,Exclude,Exclude,Exclude,E2,E2,E2,100,100,100
MHVQX4VY,Include,3,90,3,,0,3,True,Include,Include,Include,,,,95,80,95
MJ3YDRLB,Include,3,93,3,,0,3,True,Include,Include,Include,,,,100,80,98
MJZLX69C,Exclude,3,92,3,E2,3,3,True,Exclude,Exclude,Exclude,E2,E2,E2,95,80,100
MLQR329J,Exclude,3,98,3,E2,3,3,True,Exclude,Exclude,Exclude,E2,E2,E2,95,100,100
MLTZN3XF,Exclude,3,93,3,E2,3,3,True,Exclude,Exclude,Exclude,E2,E2,E2,100,80,100
MM63P6HL,Exclude,3,95,3,E2,3,3,True,Exclude,Exclude,Exclude,E2,E2,E2,90,100,95
MMFKALJY,Exclude,3,100,3,E2,3,3,True,Exclude,Exclude,Exclude,E2,E2,E2,100,100,100
MNI4XJYY,Exclude,2,85,3,E2,2,3,False,Exclude,Exclude,Include,E2,E2,,85,80,90
MNMYW5ZI,Exclude,3,92,3,E2,3,3,True,Exclude,Exclude,Exclude,E2,E2,E2,95,80,100
MP8649CQ,Exclude,3,93,3,E2,3,3,True,Exclude,Exclude,Exclude,E2,E2,E2,95,90,95
MQ2L36SA,Exclude,3,100,3,E5,2,3,True,Exclude,Exclude,Exclude,E5,E2,E5,100,100,100
MQ5T68WJ,Exclude,3,97,3,E2,2,3,True,Exclude,Exclude,Exclude,E5,E2,E2,90,100,100
MSLL2NLZ,Exclude,2,85,3,E2,2,3,False,Include,Exclude,Exclude,,E2,E2,80,80,95
MTSKXLAE,Exclude,3,100,3,E2,3,3,True,Exclude,Exclude,Exclude,E2,E2,E2,100,100,100
MUGAG6YI,Exclude,3,98,3,E2,3,3,True,Exclude,Exclude,Exclude,E2,E2,E2,95,100,100
MUYYET5W,Exclude,3,100,3,E2,3,3,True,Exclude,Exclude,Exclude,E2,E2,E2,100,100,100
MWZWT473,Exclude,2,68,3,E2,2,3,False,Exclude,Exclude,Include,E2,E2,,30,80,95
MYIIFHLQ,Include,2,87,3,,0,3,False,Include,Exclude,Include,,E2,,85,80,95
MYWW5B3B,Include,2,82,3,,0,3,False,Include,Exclude,Include,,E2,,70,80,95
MZES5LJ3,Exclude,3,98,3,E2,3,3,True,Exclude,Exclude,Exclude,E2,E2,E2,95,100,100
MZYE4BCX,Include,2,97,3,,0,3,False,Include,Exclude,Include,,E2,,95,100,95
N3I7H2XP,Exclude,3,98,3,E2,3,3,True,Exclude,Exclude,Exclude,E2,E2,E2,95,100,100
N3NW2283,Exclude,3,98,3,E2,3,3,True,Exclude,Exclude,Exclude,E2,E2,E2,95,100,100
N4DVQJRU,Exclude,3,98,3,E2,3,3,True,Exclude,Exclude,Exclude,E2,E2,E2,95,100,100
N5JPVDCW,Include,2,90,3,,0,3,False,Include,Exclude,Include,,E2,,95,80,95
N7EVWCKJ,Exclude,3,98,3,E2,3,3,True,Exclude,Exclude,Exclude,E2,E2,E2,95,100,100
N7NK9WKJ,Include,3,92,3,,0,3,True,Include,Include,Include,,,,95,80,100
N8IZ2XSD,Exclude,3,90,3,E2,2,3,True,Exclude,Exclude,Exclude,E2,E2,E5,95,80,95
N9UZRNJY,Exclude,2,92,3,E2,2,3,False,Include,Exclude,Exclude,,E2,E2,80,100,95
N9W36BET,Include,3,89,3,,0,3,True,Include,Include,Include,,,,92,80,95
NA7FRTMW,Include,2,90,3,,0,3,False,Include,Exclude,Include,,E2,,95,80,95
NASEER7C,Exclude,3,100,3,E2,3,3,True,Exclude,Exclude,Exclude,E2,E2,E2,100,100,100
NBN2QXSN,Exclude,3,90,3,E5,2,3,True,Exclude,Exclude,Exclude,E5,E2,E5,90,80,100
NCVGLSYS,Exclude,3,97,3,E2,2,3,True,Exclude,Exclude,Exclude,E5,E2,E2,90,100,100
NH5DB6CT,Include,2,92,3,,0,3,False,Include,Exclude,Include,,E2,,100,80,95
NJUNS8CB,Exclude,3,100,3,E2,3,3,True,Exclude,Exclude,Exclude,E2,E2,E2,100,100,100
NKUICI4J,Exclude,3,100,3,E2,2,3,True,Exclude,Exclude,Exclude,E5,E2,E2,100,100,100
NLGQ46YJ,Exclude,2,90,3,E2,2,3,False,Include,Exclude,Exclude,,E2,E2,95,80,95
NQ8YJVID,Exclude,3,100,3,E5,3,3,True,Exclude,Exclude,Exclude,E5,E5,E5,100,100,100
NQLHFQWL,Exclude,3,90,3,E5,3,3,True,Exclude,Exclude,Exclude,E5,E5,E5,90,80,100
NU9MU4PM,Include,3,98,3,,0,3,True,Include,Include,Include,,,,95,100,100
NUGE4ZPV,Exclude,2,90,3,E2,2,3,False,Exclude,Exclude,Include,E2,E2,,95,80,95
NUVJ2AWJ,Exclude,3,90,3,E5,2,3,True,Exclude,Exclude,Exclude,E5,E2,E5,90,80,100
NWR5DHMU,Exclude,3,91,3,E2,3,3,True,Exclude,Exclude,Exclude,E2,E2,E2,98,80,95
NXGU8WAK,Include,2,87,3,,0,3,False,Include,Exclude,Include,,E2,,85,80,95
P235GS8Y,Exclude,3,98,3,E2,3,3,True,Exclude,Exclude,Exclude,E2,E2,E2,95,100,100
P2L32YK8,Exclude,3,100,3,E2,3,3,True,Exclude,Exclude,Exclude,E2,E2,E2,100,100,100
P6FKKB2Y,Exclude,3,92,3,E2,3,3,True,Exclude,Exclude,Exclude,E2,E2,E2,95,80,100
P7QY6FND,Include,3,92,3,,0,3,True,Include,Include,Include,,,,95,80,100
P94R7L9S,Include,2,88,3,,0,3,False,Include,Exclude,Include,,E2,,85,80,98
PAMYGH6K,Exclude,3,83,3,E2,3,3,True,Exclude,Exclude,Exclude,E2,E2,E2,75,80,95
PCKAGHR4,Exclude,3,65,3,E2,2,3,True,Exclude,Exclude,Exclude,E5,E2,E2,20,80,95
PEK8DPBG,Exclude,3,98,3,E2,3,3,True,Exclude,Exclude,Exclude,E2,E2,E2,95,100,100
PFKYBHRX,Exclude,3,93,3,E2,3,3,True,Exclude,Exclude,Exclude,E2,E2,E2,100,80,100
PGGVUIHY,Exclude,3,98,3,E2,3,3,True,Exclude,Exclude,Exclude,E2,E2,E2,95,100,100
PGKGX5E5,Exclude,3,72,3,E2,2,3,True,Exclude,Exclude,Exclude,E5,E2,E2,20,100,95
PI6IYEED,Include,2,90,3,,0,3,False,Include,Exclude,Include,,E2,,95,80,95
PILG5GYI,Include,2,87,3,,0,3,False,Include,Exclude,Include,,E2,,85,80,95
PJEXMRHW,Include,3,87,3,,0,3,True,Include,Include,Include,,,,85,80,95
PJJYGTBR,Include,2,91,3,,0,3,False,Include,Exclude,Include,,E2,,95,80,98
PKM2QFBB,Exclude,3,98,3,E2,3,3,True,Exclude,Exclude,Exclude,E2,E2,E2,95,100,100
PL4N29M2,Exclude,3,100,3,E2,3,3,True,Exclude,Exclude,Exclude,E2,E2,E2,100,100,100
PMZTGIA7,Exclude,3,97,3,E5,2,3,True,Exclude,Exclude,Exclude,E5,E2,E5,90,100,100
PNQP4AWD,Exclude,3,98,3,E2,3,3,True,Exclude,Exclude,Exclude,E2,E2,E2,95,100,100
PNZ35QZQ,Exclude,3,98,3,E2,3,3,True,Exclude,Exclude,Exclude,E2,E2,E2,95,100,100
PP84RZFL,Exclude,3,100,3,E2,3,3,True,Exclude,Exclude,Exclude,E2,E2,E2,100,100,100
PQB4JSN9,Exclude,3,93,3,E5,2,3,True,Exclude,Exclude,Exclude,E5,E2,E5,90,100,90
PQDBMI8L,Exclude,3,100,3,E2,3,3,True,Exclude,Exclude,Exclude,E2,E2,E2,100,100,100
PQHYFN3B,Exclude,3,97,3,E5,2,3,True,Exclude,Exclude,Exclude,E5,E2,E5,90,100,100
PRGFIX2A,Include,2,87,3,,0,3,False,Include,Exclude,Include,,E2,,85,80,95
PTAMM9RQ,Exclude,2,95,3,E2,2,3,False,Include,Exclude,Exclude,,E2,E2,90,100,95
PTYU87MM,Exclude,3,77,3,E2,3,3,True,Exclude,Exclude,Exclude,E2,E2,E2,30,100,100
PWNM5UGY,Exclude,3,100,3,E2,3,3,True,Exclude,Exclude,Exclude,E2,E2,E2,100,100,100
PY3WRU9R,Exclude,2,95,3,E2,2,3,False,Exclude,Exclude,Include,E2,E2,,100,100,85
PY4Z5TI8,Exclude,3,98,3,E2,3,3,True,Exclude,Exclude,Exclude,E2,E2,E2,95,100,100
Q2UHE2RX,Exclude,3,100,3,E5,3,3,True,Exclude,Exclude,Exclude,E5,E5,E5,100,100,100
Q4V348RR,Include,2,87,3,,0,3,False,Include,Exclude,Include,,E2,,85,80,95
Q5QF6K8E,Exclude,3,100,3,E2,3,3,True,Exclude,Exclude,Exclude,E2,E2,E2,100,100,100
Q7NI2PPT,Exclude,3,100,3,E5,2,3,True,Exclude,Exclude,Exclude,E5,E2,E5,100,100,100
Q7U7B9HG,Exclude,3,98,3,E2,3,3,True,Exclude,Exclude,Exclude,E2,E2,E2,95,100,100
Q8IYTE8N,Exclude,2,92,3,,0,3,False,Include,Exclude,Exclude,,E2,E5,95,80,100
Q8NY56FD,Exclude,3,92,3,E2,3,3,True,Exclude,Exclude,Exclude,E2,E2,E2,95,80,100
QBN6UZDS,Exclude,2,78,3,E2,2,3,False,Exclude,Exclude,Include,E2,E2,,50,100,85
QC42ERYB,Exclude,3,100,3,E5,3,3,True,Exclude,Exclude,Exclude,E5,E5,E5,100,100,100
QFXN36E2,Exclude,3,100,3,E5,2,3,True,Exclude,Exclude,Exclude,E5,E2,E5,100,100,100
QGYTH8VR,Exclude,3,91,3,E2,3,3,True,Exclude,Exclude,Exclude,E2,E2,E2,98,80,95
QHRPZNJN,Exclude,3,100,3,E2,3,3,True,Exclude,Exclude,Exclude,E2,E2,E2,100,100,100
QI2G4UHK,Exclude,3,97,3,E2,3,3,True,Exclude,Exclude,Exclude,E2,E2,E2,90,100,100
QLYWTRUZ,Exclude,3,100,3,E5,2,3,True,Exclude,Exclude,Exclude,E5,E2,E5,100,100,100
QNWGDMG3,Exclude,3,97,3,E5,2,3,True,Exclude,Exclude,Exclude,E5,E2,E5,90,100,100
QPLCYDNK,Exclude,2,97,3,E2,2,3,False,Exclude,Exclude,Include,E2,E2,,95,100,95
QQN955LQ,Include,2,90,3,,0,3,False,Include,Exclude,Include,,E2,,95,80,95
QRKPIAXR,Exclude,3,100,3,E5,2,3,True,Exclude,Exclude,Exclude,E5,E2,E5,100,100,100
QRYQWPZT,Exclude,3,93,3,E5,2,3,True,Exclude,Exclude,Exclude,E5,E2,E5,100,80,100
QT4HI7D7,Exclude,3,100,3,E2,3,3,True,Exclude,Exclude,Exclude,E2,E2,E2,100,100,100
QTKYUQA3,Include,3,92,3,,0,3,True,Include,Include,Include,,,,100,80,95
QTLJJVET,Exclude,3,97,3,E5,3,3,True,Exclude,Exclude,Exclude,E5,E5,E5,90,100,100
QTUKRHSU,Exclude,3,98,3,E2,3,3,True,Exclude,Exclude,Exclude,E2,E2,E2,95,100,100
QUU2824Q,Exclude,3,100,3,E2,3,3,True,Exclude,Exclude,Exclude,E2,E2,E2,100,100,100
QUZFV828,Exclude,3,98,3,E2,3,3,True,Exclude,Exclude,Exclude,E2,E2,E2,95,100,100
QVSFMNAS,Exclude,3,90,3,E2,3,3,True,Exclude,Exclude,Exclude,E2,E2,E2,95,80,95
QVSWM9HH,Exclude,3,98,3,E2,3,3,True,Exclude,Exclude,Exclude,E2,E2,E2,95,100,100
QW29SI8J,Exclude,3,98,3,E2,3,3,True,Exclude,Exclude,Exclude,E2,E2,E2,95,100,100
QWA8Q9E4,Exclude,3,98,3,E2,3,3,True,Exclude,Exclude,Exclude,E2,E2,E2,95,100,100
QXF7SHQW,Exclude,3,98,3,E2,3,3,True,Exclude,Exclude,Exclude,E2,E2,E2,95,100,100
QXSPIHAM,Exclude,3,98,3,E2,3,3,True,Exclude,Exclude,Exclude,E2,E2,E2,95,100,100
QY8S4GQ6,Exclude,2,90,3,E2,2,3,False,Include,Exclude,Exclude,,E2,E2,95,80,95
QZ79J3SM,Exclude,3,92,3,E2,3,3,True,Exclude,Exclude,Exclude,E2,E2,E2,95,80,100
R2QC5BMH,Include,2,90,3,,0,3,False,Include,Exclude,Include,,E2,,95,80,95
R3HC242G,Include,2,87,3,,0,3,False,Include,Exclude,Include,,E2,,85,80,95
R464EQAX,Exclude,3,98,3,E2,3,3,True,Exclude,Exclude,Exclude,E2,E2,E2,100,100,95
R53ZSX8E,Exclude,3,100,3,E2,3,3,True,Exclude,Exclude,Exclude,E2,E2,E2,100,100,100
R5BHCSNB,Exclude,2,88,3,E2,2,3,False,Include,Exclude,Exclude,,E2,E2,90,80,95
R5XSAXIJ,Exclude,3,100,3,E2,3,3,True,Exclude,Exclude,Exclude,E2,E2,E2,100,100,100
R6Y6M4ZC,Exclude,2,97,3,,0,3,False,Include,Exclude,Exclude,,E2,E5,100,100,90
R7JCXU9W,Exclude,3,100,3,E2,3,3,True,Exclude,Exclude,Exclude,E2,E2,E2,100,100,100
R7SLMYIG,Include,3,87,3,,0,3,True,Include,Include,Include,,,,85,80,95
R9Z6WDHR,Exclude,3,92,3,E2,3,3,True,Exclude,Exclude,Exclude,E2,E2,E2,95,80,100
RCDVGG7N,Exclude,3,98,3,E2,3,3,True,Exclude,Exclude,Exclude,E2,E2,E2,95,100,100
RCZWGNLE,Exclude,3,98,3,E2,3,3,True,Exclude,Exclude,Exclude,E2,E2,E2,95,100,100
RD4IY5DP,Exclude,3,98,3,E2,3,3,True,Exclude,Exclude,Exclude,E2,E2,E2,95,100,100
RDBICWGI,Include,3,93,3,,0,3,True,Include,Include,Include,,,,98,80,100
RGHI2I3Z,Exclude,3,92,3,E2,3,3,True,Exclude,Exclude,Exclude,E2,E2,E2,95,80,100
RGUXMWI9,Exclude,3,100,3,E5,2,3,True,Exclude,Exclude,Exclude,E5,E2,E5,100,100,100
RJ5VU3I3,Exclude,3,98,3,E2,3,3,True,Exclude,Exclude,Exclude,E2,E2,E2,95,100,100
RJI9BVMU,Include,2,90,3,,0,3,False,Include,Exclude,Include,,E2,,95,80,95
RJSEIMYV,Exclude,3,97,3,E5,2,3,True,Exclude,Exclude,Exclude,E5,E2,E5,90,100,100
RKBB48DT,Include,2,92,3,,0,3,False,Include,Include,Exclude,,,E2,100,80,95
RKTAKXIL,Exclude,3,93,3,E5,2,3,True,Exclude,Exclude,Exclude,E5,E2,E5,100,80,100
RMM4BGUV,Exclude,3,100,3,E2,3,3,True,Exclude,Exclude,Exclude,E2,E2,E2,100,100,100
RPAZNE7J,Exclude,3,100,3,E5,2,3,True,Exclude,Exclude,Exclude,E5,E2,E5,100,100,100
RPNAEWC3,Include,3,100,3,,0,3,True,Include,Include,Include,,,,100,100,100
RPR3L57K,Exclude,3,100,3,E2,3,3,True,Exclude,Exclude,Exclude,E2,E2,E2,100,100,100
RR3QTT5Y,Exclude,3,95,3,E2,3,3,True,Exclude,Exclude,Exclude,E2,E2,E2,85,100,100
RRN6E693,Exclude,3,93,3,E2,3,3,True,Exclude,Exclude,Exclude,E2,E2,E2,100,80,100
RTI2QE35,Exclude,3,97,3,E5,2,3,True,Exclude,Exclude,Exclude,E5,E2,E5,90,100,100
RTRRZSFI,Include,3,87,3,,0,3,True,Include,Include,Include,,,,85,80,95
RZASH2ZB,Exclude,2,85,3,,0,3,False,Include,Exclude,Exclude,,E2,E5,85,80,90
S23I4YUP,Exclude,3,97,3,E5,2,3,True,Exclude,Exclude,Exclude,E5,E2,E5,90,100,100
S2MPQM6L,Exclude,3,92,3,E2,3,3,True,Exclude,Exclude,Exclude,E2,E2,E2,95,80,100
S3MV7MWV,Exclude,3,98,3,E2,3,3,True,Exclude,Exclude,Exclude,E2,E2,E2,95,100,100
S3UXH8IF,Exclude,3,100,3,E5,3,3,True,Exclude,Exclude,Exclude,E5,E5,E5,100,100,100
S72UDF9Z,Exclude,3,100,3,E2,2,3,True,Exclude,Exclude,Exclude,E5,E2,E2,100,100,100
S7XN2R85,Exclude,3,98,3,E2,3,3,True,Exclude,Exclude,Exclude,E2,E2,E2,95,100,100
S8UH5GQU,Exclude,3,98,3,E2,3,3,True,Exclude,Exclude,Exclude,E2,E2,E2,95,100,100
SA267WJS,Exclude,3,77,3,E2,3,3,True,Exclude,Exclude,Exclude,E2,E2,E2,30,100,100
SB73HMH4,Exclude,3,90,3,E5,2,3,True,Exclude,Exclude,Exclude,E5,E2,E5,90,80,100
SBVYR9WG,Exclude,3,92,3,E2,3,3,True,Exclude,Exclude,Exclude,E2,E2,E2,95,80,100
SDETA6G2,Exclude,3,100,3,E2,3,3,True,Exclude,Exclude,Exclude,E2,E2,E2,100,100,100
SE6R6W4M,Exclude,3,98,3,E2,3,3,True,Exclude,Exclude,Exclude,E2,E2,E2,95,100,100
SFT3J8QK,Exclude,3,100,3,E2,3,3,True,Exclude,Exclude,Exclude,E2,E2,E2,100,100,100
SHGEI7NB,Exclude,3,98,3,E2,3,3,True,Exclude,Exclude,Exclude,E2,E2,E2,95,100,100
SHPQASXG,Exclude,3,77,3,E2,3,3,True,Exclude,Exclude,Exclude,E2,E2,E2,30,100,100
SK8X8RUI,Exclude,3,100,3,E2,3,3,True,Exclude,Exclude,Exclude,E2,E2,E2,100,100,100
SL7QNT6G,Exclude,3,92,3,E2,3,3,True,Exclude,Exclude,Exclude,E2,E2,E2,95,80,100
SM5B6M6P,Exclude,3,100,3,E2,2,3,True,Exclude,Exclude,Exclude,E5,E2,E2,100,100,100
SNYBTVSQ,Exclude,3,92,3,E2,3,3,True,Exclude,Exclude,Exclude,E2,E2,E2,100,80,95
SPLEPT8B,Exclude,3,99,3,E5,2,3,True,Exclude,Exclude,Exclude,E5,E2,E5,98,100,100
SPRD3MJ7,Exclude,3,100,3,E2,3,3,True,Exclude,Exclude,Exclude,E2,E2,E2,100,100,100
SQRWLR3D,Exclude,3,97,3,E5,2,3,True,Exclude,Exclude,Exclude,E5,E2,E5,90,100,100
SRNA3HFM,Exclude,3,100,3,E2,3,3,True,Exclude,Exclude,Exclude,E2,E2,E2,100,100,100
STKFZP3G,Exclude,3,93,3,E2,3,3,True,Exclude,Exclude,Exclude,E2,E2,E2,100,80,100
SV5VAGQX,Exclude,3,93,3,E5,2,3,True,Exclude,Exclude,Exclude,E5,E2,E5,100,80,100
SVU4UGVM,Exclude,3,98,3,E2,3,3,True,Exclude,Exclude,Exclude,E2,E2,E2,95,100,100
SX8VAB95,Exclude,3,98,3,E2,3,3,True,Exclude,Exclude,Exclude,E2,E2,E2,95,100,100
SXKXTPBC,Include,2,88,3,,0,3,False,Include,Exclude,Include,,E2,,100,80,85
SYC42CS4,Exclude,3,92,3,E2,3,3,True,Exclude,Exclude,Exclude,E2,E2,E2,95,80,100
SZLKMUYS,Exclude,3,100,3,E5,2,3,True,Exclude,Exclude,Exclude,E5,E2,E5,100,100,100
T4TBLLL4,Exclude,3,90,3,E2,3,3,True,Exclude,Exclude,Exclude,E2,E2,E2,95,80,95
T5HGQA6V,Exclude,3,98,3,E2,3,3,True,Exclude,Exclude,Exclude,E2,E2,E2,95,100,100
T5NS5N38,Exclude,3,98,3,E2,3,3,True,Exclude,Exclude,Exclude,E2,E2,E2,95,100,100
T66CUXQU,Exclude,3,100,3,E2,3,3,True,Exclude,Exclude,Exclude,E2,E2,E2,100,100,100
T79JZHSB,Include,3,90,3,,0,3,True,Include,Include,Include,,,,95,80,95
TAQPIJ9T,Exclude,3,98,3,E2,3,3,True,Exclude,Exclude,Exclude,E2,E2,E2,95,100,100
TCLRDSGJ,Exclude,3,93,3,E2,3,3,True,Exclude,Exclude,Exclude,E2,E2,E2,100,80,100
TEEXTGHZ,Exclude,2,87,3,E2,2,3,False,Include,Exclude,Exclude,,E2,E2,85,80,95
TGISTZ7N,Exclude,3,97,3,E2,2,3,True,Exclude,Exclude,Exclude,E5,E2,E2,90,100,100
THSY8H5B,Exclude,3,97,3,E5,2,3,True,Exclude,Exclude,Exclude,E5,E2,E5,90,100,100
TI48389H,Include,3,94,3,,0,3,True,Include,Include,Include,,,,95,90,98
TICZZVV7,Exclude,3,100,3,E2,3,3,True,Exclude,Exclude,Exclude,E2,E2,E2,100,100,100
TIJS92NC,Exclude,3,98,3,E2,3,3,True,Exclude,Exclude,Exclude,E2,E2,E2,95,100,100
TKAH4VET,Exclude,3,100,3,E2,3,3,True,Exclude,Exclude,Exclude,E2,E2,E2,100,100,100
TM5GTP2T,Include,3,98,3,,0,3,True,Include,Include,Include,,,,95,100,100
TMF2ZNZ5,Exclude,3,90,3,E2,3,3,True,Exclude,Exclude,Exclude,E2,E2,E2,95,80,95
TN69IPZ6,Include,3,97,3,,0,3,True,Include,Include,Include,,,,95,100,95
TRGSKS3S,Exclude,3,100,3,E5,2,3,True,Exclude,Exclude,Exclude,E5,E2,E5,100,100,100
TSB5IHGT,Exclude,3,92,3,E2,3,3,True,Exclude,Exclude,Exclude,E2,E2,E2,95,80,100
TTIYZE39,Exclude,3,93,3,E2,3,3,True,Exclude,Exclude,Exclude,E2,E2,E2,100,80,100
TTK3RH8P,Exclude,3,100,3,E2,3,3,True,Exclude,Exclude,Exclude,E2,E2,E2,100,100,100
TTW7XNTN,Exclude,3,75,3,E2,3,3,True,Exclude,Exclude,Exclude,E2,E2,E2,50,80,95
TV8T4CDQ,Exclude,2,85,3,E2,2,3,False,Include,Exclude,Exclude,,E2,E2,80,80,95
TV9F4LTQ,Exclude,3,92,3,E2,3,3,True,Exclude,Exclude,Exclude,E2,E2,E2,95,80,100
TVSHQXTG,Exclude,3,100,3,E5,2,3,True,Exclude,Exclude,Exclude,E5,E2,E5,100,100,100
TWWB28WS,Exclude,3,100,3,E5,2,3,True,Exclude,Exclude,Exclude,E5,E2,E5,100,100,100
TYBZXGTA,Exclude,3,100,3,E2,3,3,True,Exclude,Exclude,Exclude,E2,E2,E2,100,100,100
TYPR358H,Exclude,3,98,3,E2,3,3,True,Exclude,Exclude,Exclude,E2,E2,E2,95,100,100
TZWPMNGH,Include,3,87,3,,0,3,True,Include,Include,Include,,,,85,80,95
U37C95P8,Exclude,2,97,3,E2,2,3,False,Include,Exclude,Exclude,,E2,E2,95,100,95
U3CCVVA4,Exclude,3,97,3,E2,2,3,True,Exclude,Exclude,Exclude,E5,E2,E2,90,100,100
U3CMMRYY,Include,2,92,3,,0,3,False,Include,Exclude,Include,,E2,,98,80,98
U3EFVL9F,Exclude,3,98,3,E2,3,3,True,Exclude,Exclude,Exclude,E2,E2,E2,95,100,100
U54F8N28,Include,3,90,3,,0,3,True,Include,Include,Include,,,,75,100,95
U5WPSRFC,Exclude,3,100,3,E5,2,3,True,Exclude,Exclude,Exclude,E5,E2,E5,100,100,100
U6BGIA47,Include,2,90,3,,0,3,False,Include,Exclude,Include,,E2,,95,80,95
U6M8ZES5,Exclude,3,97,3,E2,3,3,True,Exclude,Exclude,Exclude,E2,E2,E2,95,100,95
U6WV4CTR,Exclude,3,97,3,E5,2,3,True,Exclude,Exclude,Exclude,E5,E2,E5,95,100,95
U7U49P8X,Exclude,3,93,3,E5,3,3,True,Exclude,Exclude,Exclude,E5,E5,E5,100,80,100
U85X24LJ,Exclude,3,100,3,E2,3,3,True,Exclude,Exclude,Exclude,E2,E2,E2,100,100,100
U9Q46P4G,Exclude,3,100,3,E5,2,3,True,Exclude,Exclude,Exclude,E5,E2,E5,100,100,100
UC4XQGLY,Exclude,3,100,3,E2,3,3,True,Exclude,Exclude,Exclude,E2,E2,E2,100,100,100
UCCYR6DP,Exclude,3,98,3,E2,3,3,True,Exclude,Exclude,Exclude,E2,E2,E2,95,100,100
UEKVW5CW,Exclude,3,90,3,E2,3,3,True,Exclude,Exclude,Exclude,E2,E2,E2,95,80,95
UG79BIQZ,Exclude,3,97,3,E5,2,3,True,Exclude,Exclude,Exclude,E5,E2,E5,90,100,100
UGCHRIQB,Exclude,3,98,3,E2,2,3,True,Exclude,Exclude,Exclude,E5,E2,E2,95,100,100
UGKL7A4Q,Include,3,90,3,,0,3,True,Include,Include,Include,,,,95,80,95
UHFUH5X7,Exclude,3,98,3,E2,3,3,True,Exclude,Exclude,Exclude,E2,E2,E2,95,100,100
UJEZFIXU,Exclude,3,100,3,E2,3,3,True,Exclude,Exclude,Exclude,E2,E2,E2,100,100,100
UJLQP28N,Exclude,3,100,3,E2,3,3,True,Exclude,Exclude,Exclude,E2,E2,E2,100,100,100
UK45FPKI,Exclude,3,97,3,E2,3,3,True,Exclude,Exclude,Exclude,E2,E2,E2,95,100,95
UKJVQS6F,Exclude,3,100,3,E2,3,3,True,Exclude,Exclude,Exclude,E2,E2,E2,100,100,100
UM5YWCER,Exclude,3,90,3,E2,3,3,True,Exclude,Exclude,Exclude,E2,E2,E2,70,100,100
UMATANIK,Exclude,3,98,3,E2,3,3,True,Exclude,Exclude,Exclude,E2,E2,E2,95,100,100
UMICHQHF,Include,3,90,3,,0,3,True,Include,Include,Include,,,,95,80,95
UMNB82CP,Exclude,3,92,3,E2,3,3,True,Exclude,Exclude,Exclude,E2,E2,E2,95,80,100
UMQZEZQ9,Exclude,3,92,3,E2,2,3,True,Exclude,Exclude,Exclude,E5,E2,E2,100,80,95
UPDLRIRK,Exclude,3,100,3,E5,2,3,True,Exclude,Exclude,Exclude,E5,E2,E5,100,100,100
UQ29B7T3,Include,2,87,3,,0,3,False,Include,Exclude,Include,,E2,,85,80,95
UQ8BJKDZ,Exclude,3,100,3,E2,2,3,True,Exclude,Exclude,Exclude,E5,E2,E2,100,100,100
UQS8HY54,Exclude,3,98,3,E2,3,3,True,Exclude,Exclude,Exclude,E2,E2,E2,95,100,100
US82T35H,Exclude,3,70,3,E2,2,3,True,Exclude,Exclude,Exclude,E5,E2,E2,30,80,100
USLX6Y7H,Include,3,97,3,,0,3,True,Include,Include,Include,,,,95,100,95
UTPD6JC4,Include,2,85,3,,0,3,False,Include,Exclude,Include,,E2,,80,80,95
UUDGZFKK,Include,2,92,3,,0,3,False,Include,Exclude,Include,,E2,,100,80,95
UUJFYUCH,Include,3,88,3,,0,3,True,Include,Include,Include,,,,85,80,100
UVT4VJEG,Exclude,3,95,3,E2,3,3,True,Exclude,Exclude,Exclude,E2,E2,E2,95,90,100
UVY4JMGB,Exclude,3,93,3,E2,3,3,True,Exclude,Exclude,Exclude,E2,E2,E2,100,80,100
UW6Q5Y24,Exclude,3,93,3,E5,3,3,True,Exclude,Exclude,Exclude,E5,E5,E5,100,80,100
UYXU3LH5,Exclude,3,98,3,E2,3,3,True,Exclude,Exclude,Exclude,E2,E2,E2,95,100,100
V3A82J23,Exclude,3,100,3,E5,3,3,True,Exclude,Exclude,Exclude,E5,E5,E5,100,100,100
V3SU39AY,Exclude,3,98,3,E2,3,3,True,Exclude,Exclude,Exclude,E2,E2,E2,95,100,100
V4FN68TB,Exclude,3,100,3,E2,3,3,True,Exclude,Exclude,Exclude,E2,E2,E2,100,100,100
V5C4PCVR,Exclude,3,98,3,E2,3,3,True,Exclude,Exclude,Exclude,E2,E2,E2,95,100,100
V5DGUQZB,Exclude,3,98,3,E2,3,3,True,Exclude,Exclude,Exclude,E2,E2,E2,95,100,100
V5T3AUCK,Exclude,3,98,3,E2,3,3,True,Exclude,Exclude,Exclude,E2,E2,E2,95,100,100
V6VM53WP,Exclude,2,92,3,E2,2,3,False,Include,Exclude,Exclude,,E2,E2,100,80,95
V77Z5Z9G,Exclude,3,98,3,E2,3,3,True,Exclude,Exclude,Exclude,E2,E2,E2,95,100,100
V7MYRPNU,Include,2,97,3,,0,3,False,Include,Include,Exclude,,,E2,95,100,95
V8Y8F2HQ,Exclude,3,98,3,E2,3,3,True,Exclude,Exclude,Exclude,E2,E2,E2,95,100,100
VAG3DZZA,Exclude,3,100,3,E2,2,3,True,Exclude,Exclude,Exclude,E5,E2,E2,100,100,100
VAIAJT2Y,Exclude,3,100,3,E2,3,3,True,Exclude,Exclude,Exclude,E2,E2,E2,100,100,100
VCFKCB3U,Exclude,3,98,3,E2,3,3,True,Exclude,Exclude,Exclude,E2,E2,E2,95,100,100
VCSZP4N8,Exclude,3,100,3,E2,3,3,True,Exclude,Exclude,Exclude,E2,E2,E2,100,100,100
VDDW57X2,Include,2,95,3,,0,3,False,Include,Include,Exclude,,,E2,90,100,95
VDSFNCGW,Exclude,3,97,3,E2,3,3,True,Exclude,Exclude,Exclude,E2,E2,E2,95,100,95
VESUYTTQ,Exclude,3,100,3,E5,2,3,True,Exclude,Exclude,Exclude,E5,E2,E5,100,100,100
VF4SKHZV,Exclude,3,98,3,E2,3,3,True,Exclude,Exclude,Exclude,E2,E2,E2,95,100,100
VFC4M3RQ,Include,2,87,3,,0,3,False,Include,Exclude,Include,,E2,,80,80,100
VGIFDR4E,Exclude,3,92,3,E2,3,3,True,Exclude,Exclude,Exclude,E2,E2,E2,95,80,100
VGNMDX7L,Exclude,3,92,3,E2,3,3,True,Exclude,Exclude,Exclude,E2,E2,E2,95,80,100
VGWZIH98,Exclude,3,98,3,E2,3,3,True,Exclude,Exclude,Exclude,E2,E2,E2,95,100,100
VIA658PU,Exclude,3,95,3,E2,2,3,True,Exclude,Exclude,Exclude,E5,E2,E2,90,100,95
VJB2TCY9,Exclude,3,100,3,E5,2,3,True,Exclude,Exclude,Exclude,E5,E2,E5,100,100,100
VJUL49AP,Exclude,3,70,3,E2,3,3,True,Exclude,Exclude,Exclude,E2,E2,E2,30,80,100
VKXP2FZI,Exclude,3,93,3,E2,3,3,True,Exclude,Exclude,Exclude,E2,E2,E2,100,80,100
VKYIJWSY,Exclude,3,98,3,E2,3,3,True,Exclude,Exclude,Exclude,E2,E2,E2,95,100,100
VLMZUZCF,Exclude,3,97,3,E2,3,3,True,Exclude,Exclude,Exclude,E2,E2,E2,95,100,95
VQNKFKR9,Include,3,90,3,,0,3,True,Include,Include,Include,,,,95,80,95
VS2HV86D,Exclude,3,98,3,E2,3,3,True,Exclude,Exclude,Exclude,E2,E2,E2,95,100,100
VSHRKNJ5,Exclude,3,100,3,E5,2,3,True,Exclude,Exclude,Exclude,E5,E2,E5,100,100,100
VUEEUWHS,Exclude,3,98,3,E2,3,3,True,Exclude,Exclude,Exclude,E2,E2,E2,95,100,100
VVJAEVKY,Exclude,3,100,3,E5,2,3,True,Exclude,Exclude,Exclude,E5,E2,E5,100,100,100
VVJRRFFR,Exclude,3,100,3,E2,3,3,True,Exclude,Exclude,Exclude,E2,E2,E2,100,100,100
VWHP8MNI,Exclude,3,98,3,E2,3,3,True,Exclude,Exclude,Exclude,E2,E2,E2,95,100,100
VZXP36H5,Include,3,90,3,,0,3,True,Include,Include,Include,,,,95,80,95
W2DSB55E,Include,2,97,3,,0,3,False,Include,Exclude,Include,,E2,,95,100,95
W2UQD4DE,Exclude,3,98,3,E2,3,3,True,Exclude,Exclude,Exclude,E2,E2,E2,95,100,100
W38XKRGE,Exclude,3,95,3,E2,2,3,True,Exclude,Exclude,Exclude,E5,E2,E2,90,100,95
W3V6IDKE,Exclude,3,100,3,E5,2,3,True,Exclude,Exclude,Exclude,E5,E2,E5,100,100,100
W5ZJCUQU,Exclude,3,100,3,E5,3,3,True,Exclude,Exclude,Exclude,E5,E5,E5,100,100,100
W6IDR7LU,Exclude,3,92,3,E2,3,3,True,Exclude,Exclude,Exclude,E2,E2,E2,95,80,100
W6RB9442,Include,2,90,3,,0,3,False,Include,Exclude,Include,,E2,,95,80,95
W8C6TIT8,Exclude,3,98,3,E2,3,3,True,Exclude,Exclude,Exclude,E2,E2,E2,95,100,100
W8NLYVWW,Exclude,2,87,3,E2,2,3,False,Include,Exclude,Exclude,,E2,E2,85,80,95
WAJHJ252,Include,2,87,3,,0,3,False,Include,Exclude,Include,,E2,,85,80,95
WAMQATPM,Exclude,3,100,3,E2,3,3,True,Exclude,Exclude,Exclude,E2,E2,E2,100,100,100
WBW9UKXN,Exclude,3,97,3,E5,2,3,True,Exclude,Exclude,Exclude,E5,E2,E5,90,100,100
WC2GENEF,Include,2,87,3,,0,3,False,Include,Exclude,Include,,E2,,85,80,95
WCR2RREL,Exclude,3,100,3,E2,3,3,True,Exclude,Exclude,Exclude,E2,E2,E2,100,100,100
WD6IQLSK,Include,3,90,3,,0,3,True,Include,Include,Include,,,,95,80,95
WEFFNLRY,Include,2,91,3,,0,3,False,Include,Exclude,Include,,E2,,95,80,98
WG6WBJAK,Include,2,90,3,,0,3,False,Include,Include,Exclude,,,E2,95,80,95
WGYX34PL,Exclude,3,100,3,E2,2,3,True,Exclude,Exclude,Exclude,E5,E2,E2,100,100,100
WJ3GQ9C6,Exclude,3,98,3,E2,3,3,True,Exclude,Exclude,Exclude,E2,E2,E2,95,100,100
WJDK286K,Exclude,3,97,3,E2,2,3,True,Exclude,Exclude,Exclude,E5,E2,E2,90,100,100
WKG2FTKB,Exclude,3,97,3,E2,2,3,True,Exclude,Exclude,Exclude,E5,E2,E2,90,100,100
WKIAXB9J,Exclude,3,100,3,E2,3,3,True,Exclude,Exclude,Exclude,E2,E2,E2,100,100,100
WKPU9F2B,Include,2,91,3,,0,3,False,Include,Exclude,Include,,E2,,95,80,98
WMDUJIN3,Exclude,3,92,3,E2,3,3,True,Exclude,Exclude,Exclude,E2,E2,E2,95,80,100
WMK9SFVV,Exclude,3,100,3,E2,3,3,True,Exclude,Exclude,Exclude,E2,E2,E2,100,100,100
WNJV88UA,Exclude,2,88,3,,0,3,False,Include,Exclude,Exclude,,E2,E5,90,80,95
WNLTKEP3,Include,3,90,3,,0,3,True,Include,Include,Include,,,,95,80,95
WNN27GGA,Exclude,3,100,3,E2,3,3,True,Exclude,Exclude,Exclude,E2,E2,E2,100,100,100
WNT3WKCU,Exclude,3,98,3,E2,3,3,True,Exclude,Exclude,Exclude,E2,E2,E2,95,100,100
WPF3RRV7,Exclude,3,100,3,E2,3,3,True,Exclude,Exclude,Exclude,E2,E2,E2,100,100,100
WPM44HT6,Exclude,3,100,3,E5,2,3,True,Exclude,Exclude,Exclude,E5,E2,E5,100,100,100
WQRLVL9D,Exclude,3,97,3,E5,2,3,True,Exclude,Exclude,Exclude,E5,E2,E5,90,100,100
WTSTHJQ2,Include,2,90,3,,0,3,False,Include,Exclude,Include,,E2,,95,80,95
WV4QJ92S,Exclude,3,100,3,E2,2,3,True,Exclude,Exclude,Exclude,E5,E2,E2,100,100,100
WV95C2VZ,Exclude,3,93,3,E2,3,3,True,Exclude,Exclude,Exclude,E2,E2,E2,100,80,100
WVHYWUSF,Exclude,2,93,3,E2,2,3,False,Include,Exclude,Exclude,,E2,E2,100,80,100
WWKAQL3R,Exclude,3,98,3,E2,3,3,True,Exclude,Exclude,Exclude,E2,E2,E2,98,100,95
WX43W2V8,Include,3,92,3,,0,3,True,Include,Include,Include,,,,98,80,98
WXTDV3QV,Exclude,3,97,3,E5,2,3,True,Exclude,Exclude,Exclude,E5,E2,E5,90,100,100
WXXBWN4Z,Exclude,3,100,3,E2,3,3,True,Exclude,Exclude,Exclude,E2,E2,E2,100,100,100
WY7U7GCW,Exclude,3,92,3,E2,3,3,True,Exclude,Exclude,Exclude,E2,E2,E2,95,80,100
WZACDPUN,Exclude,3,92,3,E2,3,3,True,Exclude,Exclude,Exclude,E2,E2,E2,95,80,100
X3M65BSN,Exclude,3,92,3,E2,3,3,True,Exclude,Exclude,Exclude,E2,E2,E2,95,80,100
X58NMJ94,Exclude,3,92,3,E2,3,3,True,Exclude,Exclude,Exclude,E2,E2,E2,95,80,100
X6SNDIX4,Exclude,2,97,3,E2,2,3,False,Include,Exclude,Exclude,,E2,E2,95,100,95
X6TIU49U,Exclude,3,100,3,E2,3,3,True,Exclude,Exclude,Exclude,E2,E2,E2,100,100,100
X9FUIUVJ,Exclude,3,100,3,E2,2,3,True,Exclude,Exclude,Exclude,E5,E2,E2,100,100,100
X9UN7FYB,Exclude,3,93,3,E5,2,3,True,Exclude,Exclude,Exclude,E5,E2,E5,100,80,100
XAMFU3WX,Exclude,2,90,3,E2,2,3,False,Include,Exclude,Exclude,,E2,E2,95,80,95
XAN9C7PT,Include,3,97,3,,0,3,True,Include,Include,Include,,,,95,100,95
XD9BB8H9,Exclude,3,97,3,E5,2,3,True,Exclude,Exclude,Exclude,E5,E2,E5,90,100,100
XDFKVB2V,Exclude,3,100,3,E2,3,3,True,Exclude,Exclude,Exclude,E2,E2,E2,100,100,100
XDKYNM6F,Include,2,90,3,,0,3,False,Include,Exclude,Include,,E2,,100,80,90
XELN5VSH,Exclude,3,97,3,E5,2,3,True,Exclude,Exclude,Exclude,E5,E2,E5,90,100,100
XF35CLEN,Include,3,90,3,,0,3,True,Include,Include,Include,,,,95,80,95
XFRZF5ZL,Exclude,3,97,3,E5,2,3,True,Exclude,Exclude,Exclude,E5,E2,E5,90,100,100
XGV47VFS,Exclude,3,100,3,E2,3,3,True,Exclude,Exclude,Exclude,E2,E2,E2,100,100,100
XIWUIVZR,Include,2,91,3,,0,3,False,Include,Exclude,Include,,E2,,95,80,98
XJ7FPH72,Exclude,2,92,3,E2,2,3,False,Include,Exclude,Exclude,,E2,E2,95,80,100
XL6EUN6L,Include,2,93,3,,0,3,False,Include,Exclude,Include,,E2,,100,80,100
XLSKPVGM,Exclude,2,93,3,E2,2,3,False,Include,Exclude,Exclude,,E2,E2,100,80,100
XLYTBQHY,Exclude,3,93,3,E5,2,3,True,Exclude,Exclude,Exclude,E5,E2,E5,90,100,90
XMDCSJ7C,Exclude,3,100,3,E5,2,3,True,Exclude,Exclude,Exclude,E5,E2,E5,100,100,100
XMUTP5E9,Exclude,3,97,3,E2,2,3,True,Exclude,Exclude,Exclude,E5,E2,E2,90,100,100
XPAI8KSV,Exclude,3,100,3,E2,3,3,True,Exclude,Exclude,Exclude,E2,E2,E2,100,100,100
XR5X73Z4,Exclude,3,98,3,E2,3,3,True,Exclude,Exclude,Exclude,E2,E2,E2,95,100,100
XS4XLKTM,Exclude,3,100,3,E5,2,3,True,Exclude,Exclude,Exclude,E5,E2,E5,100,100,100
XSDUGRZB,Exclude,3,97,3,E5,3,3,True,Exclude,Exclude,Exclude,E5,E5,E5,90,100,100
XSYHKFTZ,Exclude,3,98,3,E2,3,3,True,Exclude,Exclude,Exclude,E2,E2,E2,95,100,100
XTZMJDGN,Exclude,3,98,3,E2,3,3,True,Exclude,Exclude,Exclude,E2,E2,E2,95,100,100
XUVUXD2G,Exclude,3,100,3,E5,3,3,True,Exclude,Exclude,Exclude,E5,E5,E5,100,100,100
XVV2ZLQN,Exclude,3,100,3,E2,3,3,True,Exclude,Exclude,Exclude,E2,E2,E2,100,100,100
XVXKXQ3T,Exclude,3,98,3,E2,3,3,True,Exclude,Exclude,Exclude,E2,E2,E2,95,100,100
XWDVIR5F,Include,2,92,3,,0,3,False,Include,Exclude,Include,,E2,,100,80,95
XWVDC7ML,Exclude,3,90,3,E2,3,3,True,Exclude,Exclude,Exclude,E2,E2,E2,95,80,95
XZL6KLEF,Exclude,3,100,3,E5,2,3,True,Exclude,Exclude,Exclude,E5,E2,E5,100,100,100
XZY3WI3J,Exclude,3,98,3,E2,3,3,True,Exclude,Exclude,Exclude,E2,E2,E2,95,100,98
Y2WD86MK,Exclude,3,100,3,E5,2,3,True,Exclude,Exclude,Exclude,E5,E2,E5,100,100,100
Y55Z6LSR,Exclude,3,100,3,E2,3,3,True,Exclude,Exclude,Exclude,E2,E2,E2,100,100,100
Y5LH8Y4G,Exclude,3,98,3,E5,2,3,True,Exclude,Exclude,Exclude,E5,E2,E5,95,100,100
Y5P5GSVU,Exclude,3,100,3,E5,2,3,True,Exclude,Exclude,Exclude,E5,E2,E5,100,100,100
Y5VMG7L5,Exclude,3,100,3,E5,2,3,True,Exclude,Exclude,Exclude,E5,E2,E5,100,100,100
Y63S9VCG,Include,3,90,3,,0,3,True,Include,Include,Include,,,,95,80,95
Y8SF3SKK,Exclude,3,100,3,E5,2,3,True,Exclude,Exclude,Exclude,E5,E2,E5,100,100,100
Y8T35EAX,Exclude,3,98,3,E2,3,3,True,Exclude,Exclude,Exclude,E2,E2,E2,95,100,100
Y9N6W2HQ,Exclude,3,100,3,E2,3,3,True,Exclude,Exclude,Exclude,E2,E2,E2,100,100,100
Y9XIP7NV,Exclude,3,97,3,E2,3,3,True,Exclude,Exclude,Exclude,E2,E2,E2,95,100,95
YATU4QZ6,Include,3,91,3,,0,3,True,Include,Include,Include,,,,95,80,98
YDYPWJTV,Include,3,92,3,,0,3,True,Include,Include,Include,,,,100,80,95
YFWYPMJN,Exclude,3,100,3,E5,2,3,True,Exclude,Exclude,Exclude,E5,E2,E5,100,100,100
YFYIBBSG,Exclude,3,93,3,E2,3,3,True,Exclude,Exclude,Exclude,E2,E2,E2,85,100,95
YGTKHNFK,Exclude,3,92,3,E5,3,3,True,Exclude,Exclude,Exclude,E5,E5,E5,95,80,100
YHIY6EIW,Exclude,3,98,3,E2,3,3,True,Exclude,Exclude,Exclude,E2,E2,E2,95,100,100
YI5K5659,Include,2,90,3,,0,3,False,Include,Exclude,Include,,E2,,95,80,95
YIDGRNGB,Exclude,3,90,3,E2,3,3,True,Exclude,Exclude,Exclude,E2,E2,E2,95,80,95
YKB5HGHD,Exclude,3,99,3,E5,2,3,True,Exclude,Exclude,Exclude,E5,E2,E5,98,100,100
YKFYV2DG,Exclude,3,93,3,E2,3,3,True,Exclude,Exclude,Exclude,E2,E2,E2,100,80,100
YMP5VU4D,Exclude,3,92,3,E2,3,3,True,Exclude,Exclude,Exclude,E2,E2,E2,95,80,100
YP79I34A,Exclude,3,98,3,E2,3,3,True,Exclude,Exclude,Exclude,E2,E2,E2,95,100,100
YPAIFY92,Exclude,3,92,3,E2,3,3,True,Exclude,Exclude,Exclude,E2,E2,E2,95,80,100
YPGWCP4F,Exclude,3,100,3,E5,2,3,True,Exclude,Exclude,Exclude,E5,E2,E5,100,100,100
YPQGBXHK,Include,3,98,3,,0,3,True,Include,Include,Include,,,,95,100,100
YRS5MW78,Exclude,3,99,3,E2,3,3,True,Exclude,Exclude,Exclude,E2,E2,E2,98,100,100
YSMMF5VK,Exclude,3,90,3,E5,2,3,True,Exclude,Exclude,Exclude,E5,E2,E5,90,80,100
YUFE3NBC,Exclude,3,98,3,E2,3,3,True,Exclude,Exclude,Exclude,E2,E2,E2,95,100,100
YVGMB9TR,Exclude,3,98,3,E2,3,3,True,Exclude,Exclude,Exclude,E2,E2,E2,95,100,100
YVNK2JQF,Exclude,3,98,3,E2,3,3,True,Exclude,Exclude,Exclude,E2,E2,E2,95,100,100
YVUQHI7U,Exclude,3,100,3,E2,3,3,True,Exclude,Exclude,Exclude,E2,E2,E2,100,100,100
YVZLDAT4,Include,3,90,3,,0,3,True,Include,Include,Include,,,,95,80,95
YWCAIESA,Include,2,98,3,,0,3,False,Include,Include,Exclude,,,E2,95,100,100
YWFV6NIF,Exclude,3,98,3,E2,3,3,True,Exclude,Exclude,Exclude,E2,E2,E2,95,100,100
YY4EBZCD,Exclude,3,100,3,E5,3,3,True,Exclude,Exclude,Exclude,E5,E5,E5,100,100,100
YYHNGCQ5,Exclude,3,97,3,E5,2,3,True,Exclude,Exclude,Exclude,E5,E2,E5,90,100,100
YZITM8C7,Exclude,3,97,3,E5,2,3,True,Exclude,Exclude,Exclude,E5,E2,E5,90,100,100
YZWPVF93,Exclude,3,98,3,E2,3,3,True,Exclude,Exclude,Exclude,E2,E2,E2,95,100,100
Z2KPYQ5I,Exclude,3,88,3,E2,3,3,True,Exclude,Exclude,Exclude,E2,E2,E2,90,80,95
Z2UFKJYT,Exclude,3,83,3,E2,2,3,True,Exclude,Exclude,Exclude,E2,E2,E5,50,100,100
Z2XJY3EB,Exclude,3,100,3,E2,3,3,True,Exclude,Exclude,Exclude,E2,E2,E2,100,100,100
Z4FRE9XL,Exclude,3,100,3,E5,2,3,True,Exclude,Exclude,Exclude,E5,E2,E5,100,100,100
Z64T84IR,Exclude,3,98,3,E2,3,3,True,Exclude,Exclude,Exclude,E2,E2,E2,95,100,100
ZAFVHJ4V,Exclude,3,100,3,E2,3,3,True,Exclude,Exclude,Exclude,E2,E2,E2,100,100,100
ZBR8ND7H,Exclude,3,98,3,E2,3,3,True,Exclude,Exclude,Exclude,E2,E2,E2,100,100,95
ZCK264BW,Exclude,3,100,3,E5,2,3,True,Exclude,Exclude,Exclude,E5,E2,E5,100,100,100
ZCKN39B4,Exclude,2,93,3,E2,2,3,False,Include,Exclude,Exclude,,E2,E2,100,80,100
ZCMIA3R7,Exclude,3,100,3,E2,3,3,True,Exclude,Exclude,Exclude,E2,E2,E2,100,100,100
ZCVZL5FI,Exclude,2,85,3,E2,2,3,False,Include,Exclude,Exclude,,E2,E2,80,80,95
ZESZVCBA,Exclude,3,100,3,E2,2,3,True,Exclude,Exclude,Exclude,E5,E2,E2,100,100,100
ZGC76NRG,Exclude,2,90,3,E2,2,3,False,Include,Exclude,Exclude,,E2,E2,95,80,95
ZGIRGK5N,Exclude,2,90,3,E2,2,3,False,Include,Exclude,Exclude,,E2,E2,95,80,95
ZIKMI56Y,Exclude,3,92,3,E2,3,3,True,Exclude,Exclude,Exclude,E2,E2,E2,95,80,100
ZITX5QPI,Exclude,3,92,3,E2,3,3,True,Exclude,Exclude,Exclude,E2,E2,E2,95,80,100
ZJ8TULU9,Exclude,2,82,3,E2,2,3,False,Include,Exclude,Exclude,,E2,E2,70,80,95
ZMZWSALZ,Include,2,90,3,,0,3,False,Include,Exclude,Include,,E2,,95,80,95
ZN9JXDAW,Exclude,3,100,3,E2,3,3,True,Exclude,Exclude,Exclude,E2,E2,E2,100,100,100
ZNREV9GJ,Include,3,92,3,,0,3,True,Include,Include,Include,,,,95,80,100
ZP5I846K,Exclude,2,98,3,E2,2,3,False,Exclude,Include,Exclude,E2,,E2,95,100,100
ZPH6NQEQ,Exclude,3,100,3,E5,3,3,True,Exclude,Exclude,Exclude,E5,E5,E5,100,100,100
ZPT2L3UK,Exclude,3,100,3,E5,2,3,True,Exclude,Exclude,Exclude,E5,E2,E5,100,100,100
ZQMEYHIG,Exclude,3,98,3,E2,3,3,True,Exclude,Exclude,Exclude,E2,E2,E2,95,100,100
ZQZFHK8K,Exclude,3,98,3,E2,3,3,True,Exclude,Exclude,Exclude,E2,E2,E2,95,100,100
ZRB6Q3PW,Exclude,3,92,3,E2,3,3,True,Exclude,Exclude,Exclude,E2,E2,E2,95,80,100
ZRQVLF9P,Exclude,3,93,3,E2,3,3,True,Exclude,Exclude,Exclude,E2,E2,E2,100,80,100
ZSH3PN4N,Exclude,3,100,3,E2,3,3,True,Exclude,Exclude,Exclude,E2,E2,E2,100,100,100
ZSH49MJ4,Exclude,3,100,3,E5,3,3,True,Exclude,Exclude,Exclude,E5,E5,E5,100,100,100
ZT96LULS,Exclude,3,100,3,E2,2,3,True,Exclude,Exclude,Exclude,E5,E2,E2,100,100,100
ZTJDXH32,Exclude,3,97,3,E5,2,3,True,Exclude,Exclude,Exclude,E5,E2,E5,90,100,100
ZU3NASZZ,Exclude,3,97,3,E2,3,3,True,Exclude,Exclude,Exclude,E2,E2,E2,95,100,95
ZWM3WR9L,Exclude,3,67,3,E5,2,3,True,Exclude,Exclude,Exclude,E5,E2,E5,0,100,100
ZX26M4YI,Include,3,91,3,,0,3,True,Include,Include,Include,,,,95,80,98
ZX28HS2Q,Exclude,3,97,3,E2,2,3,True,Exclude,Exclude,Exclude,E5,E2,E2,90,100,100
ZXMIEQFW,Exclude,3,67,3,E2,2,3,True,Exclude,Exclude,Exclude,E5,E2,E2,20,80,100
ZY5ZRW2J,Exclude,3,100,3,E5,2,3,True,Exclude,Exclude,Exclude,E5,E2,E5,100,100,100
ZYPKSPGR,Exclude,3,100,3,E5,2,3,True,Exclude,Exclude,Exclude,E5,E2,E5,100,100,100
ZYYHT4XC,Exclude,3,98,3,E2,3,3,True,Exclude,Exclude,Exclude,E2,E2,E2,95,100,100
